driver_id,quit_within_90_days,average_earnings_per_ride,number_of_rides_given,scaled_average_eagerness,scaled_average_response_time_ranking,average_prime_time_weighted_by_ride_duration
002be0ffdc997bd5c50703158b7c2491,FALSE,11.719726803493923,277,0.8119457905764641,0.6182379097278374,18.794691689492762
007f0389f9c7b03ef97098422f902e62,FALSE,9.436760481219892,31,0.636077924557397,0.8838034831810799,22.817973361955406
011e5c5dfc5c2c92501b8b24d47509bc,FALSE,13.125256982424998,34,0.77275344465125,0.8064278631963391,17.72984078068824
0152a2f305e71d26cc964f8d4411add9,FALSE,12.994444142517976,191,0.5738734755316346,0.7493200919396552,11.32900911638141
01674381af7edd264113d4e6ed55ecda,FALSE,13.590217325368089,375,0.7689499962060854,0.6186782395509325,11.235078040414836
0213f8b59219e32142711992ca4ec01f,TRUE,11.511154641433055,240,0.6770755874244379,0.7826314887724299,13.272329023004481
021e5cd15ef0bb3ec20a12af99e142b3,FALSE,11.649117271801886,53,0.8145892479029675,0.6336733019722753,26.790988562253453
0258e250ca195cc6258cbdc75aecd853,FALSE,13.267654854428367,302,0.5211872540550917,0.6601511348837374,12.717486206832493
028b5a4dcd7f4924ebfabcf2e814c014,FALSE,13.512835897863544,363,0.6976946168428485,0.7401797035399442,11.519486891310983
02d6a6b8a6da15fc219a9570f7ebbe78,FALSE,24.508298147569892,62,0.5446164352378784,0.2830240604338943,4.271041694736079
02e440f6c209206375833cef02e0cbae,TRUE,13.175545529620535,56,0.5927910203462218,0.6599564427158126,10.331160912416784
036f3d94e7c65e4e3574822d31c72656,TRUE,13.438408394472466,204,0.5972227801508341,0.7537189984754639,14.218819848010728
039c5afbca8e03e4c18d9c8ea94140ac,TRUE,11.837062970111841,38,0.5837037392023195,0.7701531923462115,17.974038777522182
039da9c077e17af98ca8530e4d7975f1,FALSE,11.037247411442676,396,0.7714593771388673,0.43611360134513844,22.82488214744023
03f2b5c74cb89f39e58711699e76bf39,FALSE,12.164476565716217,223,0.8082979206285853,0.7146594643541873,15.275488909949066
03f5278eb43475aa6790f5be32463755,FALSE,11.928019106603873,370,0.7415466456668369,0.6998038962673838,19.154220743929216
0430df9a3eb327122c57ee3a64765000,TRUE,11.301853409205426,43,0.7559895323250343,0.6573247181611053,9.46785824518084
04c4ffa5a385eab86fa7e422263d2999,TRUE,14.52883725200212,55,0.7165531941311591,0.44163126412950215,23.515537806919642
04d686ef2fba281e395992a28f14fdd3,TRUE,13.191111166779297,318,0.7410015027719438,0.7629842268562061,16.046509054288844
052bba06c5fc0bdea4bc2f9cb92b37c7,FALSE,12.04391812269256,56,0.8310705342915677,0.9117999059816702,19.111921882312895
059ed570673c2d15ca11dd6b3a25513b,FALSE,14.878623530745832,32,0.5652458456635556,0.60538796186883,10.57355382061843
05addf442c147875efa5cf53453ad47b,FALSE,12.447554509739874,344,0.7419295496535185,0.7524180109234561,26.776899551310855
05bad02e08c7f849e91dc1259da8b4ec,TRUE,14.077602721999638,46,0.47661711484344327,0.5806207177943693,16.911384065132477
0656192a402808805282e60761bda088,FALSE,13.110481097477777,315,0.66910368467391,0.7867593627848402,15.010280195084633
06b1ba06e5505f8218ec8686498f990a,TRUE,11.113916508322347,44,0.7968703653884623,0.8002858537097636,28.27436905372301
06c848ab3a7fc5421e82e98850a81710,FALSE,11.530769121682999,400,0.7169380264056453,0.7511039281039863,12.812799178675803
07dd442e3e0b9f0f9b0d69c7b47cbb06,TRUE,11.45823412427535,286,0.7848447174647949,0.7825380372156763,8.905752549139926
07e6a2fdaadc640cca9a7bec41351065,FALSE,10.277984535849242,22,0.4741013596010182,0.890421781147047,21.460235108688515
081d8ba3bc9a00a481df02bd9d0a4c53,FALSE,10.556513088284028,192,0.5855199717985684,0.8012857877138784,15.201438522892065
0822973f3e812a68a867962dbbd37f5d,TRUE,10.302359032679167,36,0.6344689784252725,0.7783112043724495,14.756317689530686
08a1491d6a804e0af969f08252ddbbd8,FALSE,12.738644409470519,571,0.810408986647414,0.572133282680048,22.734920052699344
08b2b063cce8d02495c4b880293f153c,FALSE,13.213443363817689,522,0.6365387695913534,0.660896121352784,20.96867511776309
0938ed763cb3129ae63607aaf69daff5,FALSE,9.859644526396053,38,0.6634707928482714,0.44017762045814635,10.97782979000065
0abc4faab8bbdf4d62412655fe0a2398,FALSE,10.903660680167391,46,0.9145824879501975,0.7407629689820805,26.086159632793574
0afc0241296972b583debd7c5f5c707c,FALSE,11.932039779692756,428,0.5560943564279904,0.7073757129983337,18.52032786187901
0b10af0ede0648dbe6ae05813c5cbf1b,TRUE,10.845585471350438,38,0.6844621227551009,0.6446319091549781,17.678875461982475
0b631e16fa61f7321da18cf35a076d5f,FALSE,12.069559019637522,394,0.5883158794005076,0.7854638464508226,25.907308692012865
0c02bd2b09f7193103279ab9b760b777,FALSE,11.450599548969242,330,0.8059723113217309,0.8644573620818474,11.19172742786224
0ca501b2a1d72e80e0d0cd2c25bdd124,FALSE,11.105213722086038,265,0.6906238770370816,0.702442581239494,17.869905595210685
0d53c0441daccbb9022ccdcd2a58c7f7,FALSE,11.538257422494583,40,0.6764796266788072,0.7032890518607227,13.91419893697798
0e7f0f05c7e193b1774c2e5713741cd4,FALSE,14.128379898844853,272,0.7008700617738559,0.7024907198422536,7.849560732788215
0efa2b92642c1e6db77406bb3761baf4,FALSE,10.916492909782995,346,0.6531549579445668,0.5966736258386836,24.22305193160686
0eff1404b137a5562642f0f706e59f25,TRUE,10.03674900480037,45,0.5317314582964481,0.7865803763777979,4.121854792776493
0f057c0c73054f569a59a0880b91cbb0,FALSE,17.803510690495834,32,0.6964488959708628,0.603324024862625,7.58242802394451
0f346940b7c9dc770d408b1063ed2f81,TRUE,13.668187109581162,468,0.6498605168932963,0.6825706868363333,31.42669652747676
100979abe35f7761f333bb7e63649767,FALSE,12.075088594152588,470,0.758350002340926,0.7063480057215019,12.672549858479506
10570128e114c22b855f1155b88fb379,FALSE,11.984724926649728,428,0.7236488700162322,0.7810733660979485,17.07161125319693
10ab4d373b29fb6ee31ae2b7b39fc574,TRUE,14.766670788998958,32,0.5896573146672737,0.3946146876010109,21.793202570172472
10d2c35bb4b440aa1eaf06d477ff27a6,TRUE,16.90500742638125,40,0.5625502693679338,0.49298897290652133,15.259710569031343
1110d496149d3d8c50276765924df831,TRUE,10.667185840036904,28,0.6981778370351099,0.8545849832591356,13.721417833689374
1127af601413f32c08e2a89447e5f3b9,FALSE,14.06960482255691,41,0.618922565278464,0.7011025801054283,5.786650308029654
113d6a61dd3bd21e5bc39bc19197f0f4,FALSE,11.334403025043779,509,0.7641879360672476,0.7049098986098383,6.475479125238385
11506b81721ca68ef019764de3d8edbd,TRUE,12.922657099507548,647,0.7440583017359474,0.7249934498307815,17.07245274838608
117ea72f13b43f0f4055b0472dcb6b1b,TRUE,13.163844262407018,38,0.4875489714497945,0.3544195806419135,0.6872318807857304
118be60e268514eb85f66ddb82bfa407,TRUE,14.112347071864956,39,0.4501654730427779,0.7114942018050906,8.732241895779577
122972e7c73c944e744e6eca819d93e7,TRUE,12.206820158265,40,0.32883280218529476,0.6961206462586836,7.755395461010451
12933735316b452a5bc6a933d1a38124,FALSE,10.887629071641728,542,0.7062880843923394,0.8552396942124648,21.964154902472032
133c19880625cbe91986ee3c402866cd,TRUE,12.673378112128104,51,0.8378399087080011,0.6343008469887528,23.79984459100902
1340d44ca7946f4192cd80d8f47ce99b,FALSE,10.503494093401235,243,0.6240733402716692,0.5725563857881913,28.44275455913545
14183e69946d782c92eb53b3c6eeb86f,FALSE,11.402619866615971,24,0.6931481903027543,0.399061381150965,28.528603251338925
148fb453d12992652b56d8bc2cfb1b78,FALSE,10.330960377778736,29,0.837696335078534,0.8221690460428523,12.810963988363929
156a150f1dbafbb01a786a5f45bdd7b6,TRUE,10.375754919182198,44,0.8634846070539218,0.7820170365728,7.691873952828973
15e0ade28a7d24026b2fe91ef528ddf5,FALSE,11.55174592469827,453,0.689757619947582,0.5601575930395841,24.17939214436434
162441a5f1b85a5c3780686296c3bc75,TRUE,15.395121656777642,41,0.6181443501209425,0.47015772875554906,12.136664327954295
163b1ac215580e695280d8f94c687ef4,TRUE,12.30003134576282,65,0.5621017119309857,0.45595117801543283,7.678314578221507
1674103b16c39ab56a76884b7c2ca83e,TRUE,11.882510098056704,348,0.6855824923489389,0.7978577544104689,12.526272447868573
1682c469cb12aa06b06d93ab87c3836a,FALSE,11.994974877831075,406,0.7415206009560664,0.7006826835428064,12.33966058316322
16cd1e08be52741e1516cade45ae7754,TRUE,14.33357369676612,61,0.72785069142538,0.6860803890846359,12.56428544615038
17235b165b78a09be9cd7f9abc1e833a,TRUE,12.182847144520283,682,0.7208976713375206,0.5320251209521831,16.792416184818872
173a168d2b8830525f59be85a35f0000,TRUE,10.066640591183333,38,0.807746374814797,0.940948616181902,3.5648931395228396
175540c364f94b6adbc0ce3541a3254a,FALSE,14.089049757343826,54,0.6108546705898553,0.5452410713356998,20.212827583010867
179ef343f855d34fa0262c720cdb9a52,TRUE,11.427859186629364,21,0.5155387900664478,0.19320463975158564,22.04317269076305
180284a755fb939181db32b838fd0720,FALSE,11.154685924598141,287,0.6737273135145583,0.7856989150965665,18.32786370985256
1805f90c5220ac830835df3309a76e78,TRUE,13.673378445953153,37,0.6577325105665648,0.5682343746800049,15.244084851781343
181396b71a4723deaa02c3dd3ffa9041,TRUE,13.227034447236111,54,0.5988947062245492,0.8082317654163328,13.504519564140663
183336ca67d3257c34cb80c9bd4dfb34,FALSE,11.281120945750912,256,0.661047968121633,0.6398456418870584,37.44973381913619
186d02f3ae489428440a352e3fe503a4,FALSE,19.906987596298958,32,0.6271340769405873,0.4547709003428414,18.99624765478424
187a5227c531151abd112eef1d104301,TRUE,11.591808549599545,439,0.6493668483770256,0.6539083126277365,17.364041083979227
19029e596b5c3e45cc6b3cca0640fa58,TRUE,16.329921731275924,45,0.734712632049304,0.757011821934431,20.659269695902314
1925803c42c264e21fdcf0a35fbd2107,FALSE,11.513894766368601,379,0.8209003049346315,0.4225953191515718,21.297047065922463
1936275dcb0942dc60a378839fae4730,FALSE,15.474679779575224,296,0.6282900673266028,0.5837826094241785,10.59139441439139
1936720ce0900cbff6d9114328c84bee,FALSE,12.776703644528846,26,0.6214636338697345,0.7635792462543629,7.397043860118888
1989ad384dd8ab8f43fd19822c36aeac,FALSE,13.124215595295677,347,0.5476317773035566,0.5847546848238779,7.8531239400074835
19daceea26aeb211cb8bf28c8497b6c2,FALSE,12.568001037982333,250,0.6049929433189165,0.5474108638861364,17.836973351805067
19e1cdfeaf90239d8585e6a78136a403,FALSE,10.613930877728222,737,0.6607875404757148,0.542131233108776,15.765226589466652
1a2af09b492ba2519c5b4aec478642a7,FALSE,18.078548723554526,254,0.6025433865497065,0.5506419039565931,14.455942527741195
1aee4c95edf898beee1a8b49a1f898b0,TRUE,15.93341950478287,288,0.596663673689624,0.3663795818901082,10.190408645970962
1b51afba3b72e0259db160170f824f95,TRUE,11.909359544431911,211,0.6516416861666683,0.6884998970473781,14.017369554241409
1b9ddecea8eb99bc37f9b0711546f1c0,FALSE,11.258173323521156,620,0.592529904613645,0.7984347615913023,15.998778820499886
1c4312919166a0e7cefe6b3ddf1ec9c6,FALSE,13.721082617570922,47,0.6769958008630752,0.8268279453451577,20.78591131406319
1c44fab20b7f0804c11d88dc0554edf4,TRUE,11.915509347933739,41,0.5181839548875798,0.6515189798326233,16.093098512664135
1c6e8fbca23da68279d93b2de6eaa3d1,FALSE,11.712959587466738,467,0.6641297807994777,0.8150655073191804,17.57012226879992
1c95fcac4de21d077072da1ea1705eb5,TRUE,11.022236224383951,27,0.8262766522497913,0.9501381551329356,14.752886836027713
1cf95d6dd025d792340b623bcff18260,TRUE,10.46369275400465,43,0.7917087967644085,0.8664765785017581,16.824767424126886
1d789a00290ec2e8a4ae1c704f671caf,FALSE,11.72591946805947,396,0.7092905303126109,0.816191236699193,16.194697168348974
1d7bc6daa163020694e2a5e636b96a0d,FALSE,11.916806680855869,301,0.6110216621177506,0.5474532283631572,28.13026343082348
1d92784a09b1d1f85b05508e33261efb,TRUE,14.989385309221676,316,0.6541803655796862,0.6552308617222908,14.420272340369936
1e836fdeba5bcacf45438c08bfcf4fa3,FALSE,11.410650647147119,567,0.5706184669560748,0.718717253989646,15.426134913477735
1e9570c1846c0f79c1ec103f608bc8ee,FALSE,12.112860838122145,219,0.7177150863713235,0.7006973041680661,20.268494670938292
1eb30783865c10a8abc395e1b73bd578,TRUE,11.852255758466072,28,0.7450164222301714,0.85165088465798,8.23775573465592
1ed175c60fdf7380fefc804bf4dd75f3,FALSE,8.78337272606857,35,0.7377234344682557,0.6848445026150267,8.254336672367456
1f83b77c681720ce48d33c21083c27e0,FALSE,12.030710097097655,263,0.770093538025843,0.7528835651088879,23.276310198154192
1f8e4a81c9da3260c84f14483319a338,TRUE,10.919357477623105,44,0.7664888700342832,0.7662743684988633,10.717967376144564
20f5672c1b6a59b9d5ec09a34ad90e9b,FALSE,11.894084283217037,45,0.9212636264764651,0.5893015585359147,5.6526272953863375
215263f9135bdd22b0e41659046b150d,FALSE,12.579083659262615,395,0.7026380672742694,0.5327939638771952,17.62979025769796
21eb2a893ddf647ee9d307d873a697b7,FALSE,11.314254960710677,551,0.7766143106457243,0.4001044804727677,21.860166935992524
220d2d2a94c58c0f7ee7cb1864d5f0c5,FALSE,12.297280540554098,370,0.6809623418091435,0.7882149576464345,19.7103365063237
2231ec7a993e7ce92f79588ccc405e21,FALSE,16.018609456195726,39,0.7227699078370602,0.7691140566875132,10.185575706452973
225fb2558cee416b136c9c9231824580,FALSE,16.042142007380082,41,0.6422690200041086,0.40450464154805554,1.7121010638297873
22ca9510a0c0d97ba66750530ee0e914,FALSE,12.750509580513016,242,0.6260338417178845,0.5591001909939308,26.862332397879637
22d43c4cd79a3cbab663d9eadd1e5995,FALSE,19.89327554612225,373,0.5906965281308085,0.6453430183365616,21.06267513173431
23017e4c03d224c89b5e3a0550e1bd9f,FALSE,12.06026718855598,223,0.7774419964905439,0.8503993844105338,13.43882042685019
236af2c3c395a20fd53696a5634abd7b,FALSE,12.77020067343418,236,0.6810968850032344,0.7450257999984373,6.986904215176149
23f2a72a48ef9f44301dbcfd69f8b3f0,FALSE,13.373454018947777,195,0.6949367778186353,0.34574236310698847,11.12501445831274
2422c0748699c412f9759b2897484061,FALSE,11.760074076131659,468,0.6867278005736918,0.7674722006075302,15.845424239326384
24708f36edaf58e1c50b06720b536b45,FALSE,11.937672202700721,254,0.6398604197921651,0.7843967422118834,9.570319022561055
2494554e7702a28816717bc0cbf7d57b,FALSE,13.27594670590676,212,0.6268486385573389,0.655374559550634,9.319454020637833
24b79c598cb070bf049057bd529d3c86,FALSE,13.185387111053778,225,0.8499341545050628,0.3512496371698246,16.301715718356373
24f805c6313acfbc2250cbfd90268b24,FALSE,14.915170568893332,45,0.4938100176206254,0.8008634916597632,16.739483725093034
25061f5683655c7cc6e503eb0383c96e,TRUE,15.005999761609203,364,0.7602292900210041,0.5893610567646292,21.657906044113435
25827d13d5d988125ef4cc8a2ea3ddc1,TRUE,10.9327503894361,476,0.7865456790501313,0.6796863098954403,20.768679018104113
258e3bc5c82e3f687b4e999bc598374e,FALSE,13.852172545009166,40,0.6782950147962667,0.591051150664752,11.097078182303937
2678d03ea513d10988818e77c5915b75,FALSE,11.218024420274897,569,0.7892766505161923,0.7408662414172892,19.905215571188123
26dd952cf82f0d354e4007476748a1dc,FALSE,12.85807870752281,643,0.7679299635111564,0.6471339316729006,14.245364592619005
26efe85697b050171e2ac92d11f75605,TRUE,13.463814424593991,466,0.7794340195922307,0.7087269738612857,13.806551578282967
272fc17e9698d95dda029e15b5546534,FALSE,12.97536760334142,305,0.6018972060618047,0.6760295687783694,22.893435291228933
274a1e97df854e1590ae812ca9ee5ac7,FALSE,14.249099997179872,313,0.6162582693398129,0.6910996486599836,14.300772614353761
276f6a36e30c69076c4cab7970ade946,TRUE,14.699426118690477,42,0.638136429167615,0.30044306705656754,33.16303841429842
281274ed70a896744065199c58462f3d,TRUE,17.246642050019098,48,0.5556187874649062,0.7129811658020564,11.727988887061104
28e4da66781b209cd9a299365a0dcab0,TRUE,11.068567614185184,27,0.8581834737081722,0.36276442935620423,5.558828861493836
290c05b6d7e38c64bae2535b5d1d27f2,FALSE,14.162740709585975,328,0.3706450950236796,0.5367783248035483,13.189614247867567
297e507cc9f1da096e51c2223657255b,FALSE,13.654904504245437,588,0.7255770621474176,0.6254677711098853,15.690681284259984
299507a03373935d7a89a9fd6a6c0e46,FALSE,13.92814158746142,54,0.7316767978236982,0.5228379393875878,11.90438151535727
29ca037d71b4a5934ae4528d050daeef,FALSE,14.674683031504216,332,0.6953552886711882,0.6325812265206696,8.220617931517383
2a190f6b01dba26d00d3b644a268ba75,FALSE,14.294900434339455,294,0.7069535227400012,0.6447709071918111,11.390382802478866
2a289b5c712e32bfb651b126cbe4e5bb,FALSE,11.908702250279875,241,0.8214054863467877,0.6922358242754629,13.455205821869239
2a4afd4ab156dd0a6a0dc48bdf5d8db7,FALSE,13.306921627788888,42,0.6255623123367262,0.8239399534248435,13.214186964281225
2aa41b072dc16081ebe60ad5b17f5a4c,FALSE,12.838791025825563,459,0.5297189147387547,0.7174593355155037,14.640392832396643
2b1f99b4f3360623da8fdcd39828122e,TRUE,16.21285538722733,247,0.5637213294491021,0.6421829838003261,7.222025759380584
2b4078909534095c15f578c588667bc9,TRUE,11.884326874969812,53,0.5353370928879134,0.8028154566271288,14.743868026915564
2b77329ac116a3d1a5334c3fd54bd499,FALSE,12.185566687161815,268,0.5457454079477413,0.8084096387238286,12.098911785334705
2ba51f9574a5c08327a718edada3e052,TRUE,12.275871286086666,40,0.7872183018438424,0.8557586226995978,12.205899231034087
2ba60fe37b426385154d69d8eff687e1,TRUE,11.062317517854066,41,0.6746320365548295,0.9439522102846732,12.633192117594197
2c130ea88372d326fb1a0719227627e3,TRUE,13.901371274944573,215,0.724067358747267,0.6429167286416686,16.820550085728264
2cc500616c927ce30d0bd1e87c699ef5,FALSE,13.900181047211275,34,0.7242136554143624,0.5502983147189895,5.060844023498381
2d42e6d775b4399a56b71c2f3d6905ab,FALSE,10.37395133057872,224,0.5685563748604381,0.8897438265460225,18.876308964572324
2d4c69afb7ac569a35a1c15fcecc1cb0,FALSE,12.851597044685155,439,0.656973258174071,0.7147437130404237,18.513812983204478
2da7874cc42c3c94f157bd3fd78369b6,TRUE,11.23565332566456,538,0.7094697094707672,0.5582127008702782,15.913214823869085
2db4e5237ec8a271bd6269b5ddc9b422,FALSE,14.405757898253007,277,0.7473218661238492,0.7374021487181281,18.34327839023868
2e4d5b1e1a62e56b3a8f887641379fe4,FALSE,12.734963628655317,583,0.7287105102626366,0.8281722736371361,14.998116076746747
2e5d7b104b570a5cf450f6825880c9dc,FALSE,12.809933665648572,35,0.4543028411000184,0.735103885712469,9.84676983376132
2e882efad8288189f654defcd3dbcd64,FALSE,10.020422862228788,33,0.5181107685091295,0.687304752137279,15.255733998963876
2ebb15757eae00c4c491f569ca1a72a4,FALSE,10.501271819836274,34,0.757220712095446,0.7235624210419024,7.213556239507555
2ed0f3c071cdebf30186d2bf0a0c6151,FALSE,11.235642213255707,295,0.7667893580053526,0.7062609846346017,19.107145336486617
2f29fdfd281552870b7f07152889e0fb,FALSE,11.412639539895736,258,0.5528212901544682,0.7717157633966746,19.959843852751465
2f3773bd9dab0fa3e04c6f58dc0714a4,FALSE,10.302835735717949,26,0.6880701815825877,0.8033555331731966,23.650913632180885
2f50e03ac03a920d1447b894643797f6,TRUE,11.459021853577603,32,0.7261552469838379,0.6166137655855063,21.003801593048514
309320204754c3eeb2577949e870fe2d,TRUE,11.216061903218664,217,0.5949483940202311,0.7675604724397874,17.0974518087425
30e91f4104a6b5b0450588d8febddd93,FALSE,12.977009256908914,43,0.3231621130868878,0.6926141776704899,15.156063393692909
314d2be0d3461375f9e9ecf56b2b04ee,TRUE,13.363448355515306,49,0.6532253693646819,0.5730758928199692,5.216424487119054
3155bb6b7fc081f2cccc4f50c9bea08e,FALSE,12.36390707245679,27,0.7153158925675809,0.7693022218846601,17.886695636094675
31b451688ffc6f785c22bf74374507bc,TRUE,12.314613254771139,41,0.8606522942078954,0.692026659611753,19.703022420413724
329870cd7580c9efbc6b62073f89b90d,FALSE,11.07489643665895,54,0.7245863930551693,0.8197763886705529,6.737301645696907
32b84f6d92b60badb7a8a6c47088151d,TRUE,13.554798856717948,39,0.6465997770345597,0.6245894170935369,5.370009124374666
32d6b6b2ad34385519bd4492ce78eee4,TRUE,9.913063933636206,29,0.7846953486607482,0.8776610041709964,16.926658905704308
336a98815390e16a5661d2570374d448,FALSE,11.351055658885295,501,0.7647117935007897,0.7321091323079345,11.988793224463057
336c8ec2eb47bc1453b85ee78849038e,TRUE,11.617235541300262,253,0.695761792551151,0.49898487605120334,21.641105354058723
33b7762088cf5b82b8fe6fc291f93b6b,TRUE,14.022462685697999,25,0.6918279080355111,0.3868321348898085,9.015389139384434
34699d5745d74c7076fd1ef051b795a9,TRUE,14.340497922494345,56,0.5620630223407369,0.6595824889725279,26.32768205581327
3474d70dfe09a1d9545f436cd3f3136a,FALSE,9.904625957546825,42,0.646388193337886,0.8118583709494968,20.736599387220064
34784d7e4e1ee4869f10d9abeb4ad3fa,FALSE,12.00044273408052,314,0.6604319601295827,0.7196640850255036,10.465130413994027
34c0cce7c3c34f9f6062b697637890b2,FALSE,11.99098380295633,179,0.7490081774755081,0.5762245516571576,23.86578652367318
34e2c40d9d6f01ec4a0ffed4b032ec1e,FALSE,14.507486422868991,43,0.5892143420558076,0.5772678445182653,28.237294366326623
3575446a7484516f5593add3ddd37451,TRUE,16.332655099537043,391,0.6675051120815512,0.6644708140704114,10.408214670758507
35c3b0390b6f80657c53fb46b13f0a9e,FALSE,14.013194718539681,42,0.6591980748593542,0.3312044380554372,8.936326131798936
35db61ddf8e29d55a2d355ed0f9166d8,FALSE,11.883643236470732,41,0.3075291622481442,0.5108225673311063,29.718486157471038
35fa59db20f02b89264c5a97b94d7785,FALSE,11.865723735983838,33,0.5386484926662483,0.8466840118625596,6.194516738564655
363f684a638dac345e67fbb78e492efc,FALSE,14.245781353761755,207,0.6027747628070277,0.6900164315767757,18.463059413580247
367091701b7a57ef3e93c9fe2f6d3b3c,TRUE,10.799961312914773,44,0.6567154012237099,0.799407193166102,13.32332977185595
36de1e085fbd8f354dd3192571cece32,FALSE,13.82424832327903,364,0.764859950353918,0.615276714997461,15.27906660932938
36df5bf5a89917fde3573e7c960c2097,FALSE,12.69619649595238,259,0.6562032260871322,0.7096744092086325,16.637748036850006
370412f2a2747c1fdf8e807374c04a3d,FALSE,11.456410858646331,159,0.656383726540365,0.6456991622642976,19.57787977620901
370e9f95700973dd95508e2f39b2bd29,TRUE,11.713168548517544,57,0.3521910854988598,0.6629874362140136,7.2403587047753675
3777e15bb2eb838394a372e119d96462,FALSE,11.97462025887931,29,0.5007967220578193,0.5081034491894724,17.92439876024952
3788dc9e91f1548816ce8b5af07ddadc,FALSE,13.962079816950787,783,0.6738273291122521,0.6599497564419863,24.612495303264826
378f8bfcef6759b1e6b0e66b04424f54,FALSE,11.626985455299357,233,0.8147312654707857,0.6768481888576671,19.182276562949028
37ac4f9379c836b08c9a6e2315fd66af,TRUE,11.983463660872347,44,0.6946485110609855,0.5077651143824303,56.760932864520385
38510028b6d34d1b1339fa4e70783563,FALSE,11.553243786010784,442,0.6766620865019387,0.7066554946156178,14.13387971701202
3857da988688981b67c878fc179eb0dc,FALSE,13.196459266950264,190,0.6577032439966295,0.7213435991458108,25.022354552718696
387fb3e0e515f38826f70eb475a3bfb6,FALSE,10.777968299083165,199,0.7808518653667458,0.7972918583815498,15.160781650315041
392e07cd00f38f357ae73795619fd0e3,FALSE,11.606344648016979,533,0.7192153017329435,0.6529636318459355,18.468915532104266
392f50e58bee8a34399972bf0cb175d3,TRUE,11.574181978312277,281,0.7520127324312728,0.6944054341701315,32.58163517969079
39a7bc235caf53556b15dd28ab5a7157,FALSE,12.911991842228444,433,0.7789309642483572,0.6334801988108323,21.106725054738817
39eedffe18d7ec6c53741f9d46c7ab51,TRUE,11.385525308890708,348,0.6680451222905126,0.6587482844682779,19.886557472923375
3a1d9fb7a8cfd55ae38d1b4fb1520d1f,TRUE,12.38075473862934,334,0.5770041978415126,0.7129248976202017,15.588792992921393
3a52faf7577b389cbe9912652cbad33c,FALSE,11.858155201853343,688,0.7097012931954819,0.7871712916756984,16.1472124086353
3af5c66b6800650cebac636822ac14c7,FALSE,11.436393511020821,357,0.736109756141625,0.7655038997004822,16.177363873973004
3b2dca5cc3db92a05ea35056887108b6,TRUE,11.512451463957051,26,0.5894298621933496,0.7646325124188804,5.572616917347777
3b6ae24dc593e6609bf90a1b80630439,TRUE,16.26250399749548,59,0.6398520501928466,0.6395269645526981,9.488538279336787
3b7f314bfe75abaa6718399d534ccf47,FALSE,12.023577918219178,325,0.5576736883270004,0.5202574143375449,19.12747692410471
3b87648d266e62600ff719b691fd8562,FALSE,11.264588055759113,203,0.5976607806792191,0.7512507520644134,16.439646526253014
3babf7dbd39edd11603dcd53e50dc050,TRUE,14.822143705524445,30,0.8361787692541164,0.9350674996599847,18.1898566771237
3bfb185b9491beb56fc10b6212c6c9c2,FALSE,11.795283541777184,393,0.7596970235823165,0.5560579076218451,18.864048108396133
3c69563a9561f995598ed81f1f5c331a,FALSE,12.960307719318807,397,0.6049298336048323,0.5616330552609068,28.763534801810604
3caf85a7d6b8f5615fbc21e8310af584,FALSE,10.432231190426599,292,0.6131663647126449,0.8305770741302062,16.200430190708445
3d2fa009a9f144706ad28ec9348f5960,FALSE,12.433235354009561,312,0.501802474215973,0.7213401752155547,22.172412746278624
3dad0a540eaab6fa876e4938d728efae,FALSE,13.47756242668746,210,0.7352662424708862,0.6750411614064596,12.496781786751995
3dec7f876bb8b281df66b46469c79393,FALSE,14.586807451547825,46,0.705848731677867,0.755786154147077,15.465882657017318
3e66ede2d283842c643b6b623d0ca168,FALSE,10.770585009622916,24,0.5363646710676075,0.9275634945447416,19.48173117438151
3e8d06b82eb75b584564ce66217b3514,TRUE,14.120545965336467,266,0.6932102336423804,0.688392067033101,25.16091578271015
3f2ee0f16084bb99e8423807273c5816,FALSE,12.052189835145454,220,0.6859716560092157,0.7154951112464214,11.701919255011072
3f62bb3b6a5ccddae37ff2fe3bfb3efd,FALSE,11.55645922350552,311,0.6916517288905253,0.7268039809928567,23.41317807965992
3f79678c849eca6b438bb3d4bb59a5c6,FALSE,10.829326182297669,193,0.8682794145341132,0.5811841076507327,20.430674338864147
3f82d353964869022a995e87b480a901,FALSE,12.751708791840148,291,0.7423222772665772,0.771924895560357,12.886568515529662
3fcdb7a637be76b45ad806d4f832c966,FALSE,10.413246799585087,209,0.7790612947740914,0.44222012084472806,9.655528498765376
40061a1bbba0ff209c889094d24f6032,FALSE,14.160123882118114,449,0.6055925004533262,0.6418250997507693,10.725167726030794
4008627b85a36afa46e22ecf513fc699,TRUE,13.27521787725712,316,0.5138446665725391,0.7138137924424108,23.470618528758063
400daded5197f955191887cd567338ee,TRUE,14.825003272667892,68,0.6368420347879648,0.6094506900933828,13.948170731707316
402ce9ac2db62fcb5fe29ba1d40566c7,FALSE,11.34558734825419,346,0.6264217859293577,0.7749270162947908,21.66393604154672
4125bef57464803d018cacc1d3f08f74,FALSE,11.193186786518233,234,0.6982120934431428,0.7553389874378444,11.308835277200831
415fbbda45a4a410e3122e3c992ace42,FALSE,13.879677109985282,479,0.6667333571898483,0.6855245014950588,16.012503602399853
417055c67f5510da99ac623b02b87847,TRUE,12.125951554506837,39,0.7119368225673712,0.32955097736225036,27.824798608893147
419eef26d8db5ccac04bf5d87af8059a,TRUE,11.293538171436172,182,0.6385354155670568,0.651800268172932,20.406167321187635
42256e33936dfa69088f540a720edc97,TRUE,13.125283605989047,35,0.7169132711131345,0.8182711982189507,18.956146634690253
432754fe9722d008cd7328f34852de61,TRUE,15.240849984110643,83,0.6911598133942554,0.630509404947588,8.911532317257459
4343b3dc4ad77e98d38808b64003bee0,TRUE,12.294165731308142,219,0.7586649370573983,0.7615649419053531,18.44667165909254
434adfc83c625f393595207cfff91ef2,FALSE,10.535975791150165,203,0.6727152504525598,0.6846492928095138,23.33061227374566
440abd26a1c60ce02351bf1823d2d46d,FALSE,13.374064756330602,586,0.6778425289794214,0.6836481648008581,16.0708770257388
44198b15df35d0827ebef271b6264727,TRUE,11.495330353754383,403,0.5741644397423753,0.7119831944456698,21.00994293093514
443cf8f9119a8fc409780159c46d2de7,FALSE,13.605434507039929,235,0.6827919336533137,0.5830233246923036,16.161617332671735
44509b1a5d4f1ad8350076d754ab1cb5,FALSE,12.534348878443595,216,0.6536110338276664,0.7172022619014675,22.43167297101307
446b609957a142e8834dc88cebb7dee0,FALSE,11.071654712860546,177,0.7664350449675331,0.62386413710255,18.219278184500048
446ffe55730ace4059f02a4806018a08,FALSE,14.393729495951785,56,0.7077656011186628,0.5605422783472456,28.70211276568665
44b7669c8f7ec8b8e592f150c7ee7fa2,FALSE,11.30599731485791,335,0.8131296624095548,0.5428949246360281,21.007500159857972
44e9f61af64c2d25412a0f4532ada63c,TRUE,9.880016713223403,47,0.7275598025872883,0.6140892718005424,10.073955965668148
455ec8a8532948fe2c5e308af37216a1,TRUE,12.383052012846765,237,0.5811423876945262,0.8793433670209511,23.743318505383414
456467f01492ee1aeb7707de5c725f1c,FALSE,17.46254688824161,461,0.7189142195094773,0.6736200747835565,12.241288462879591
459af73e5a9d360ff51cf284c571f01b,TRUE,10.849330342114351,36,0.6025010327878527,0.6545421039027868,12.144131420501003
45ebd51300bd4bcc529a11a855827db4,FALSE,11.833118628027098,425,0.727654155675473,0.6786284099845739,17.431073151944904
46b9dc30efea1755f8ada69668793bf5,TRUE,13.709940697157739,28,0.8039183007598669,0.7904375334495567,24.82402063658622
46da643aa47256fef0822a2f288e115b,FALSE,12.301207079212478,195,0.775451427192834,0.8013729145105757,18.31731503154895
46e1da1c7fe0602747beb9fe6bbaf037,FALSE,10.117990671123232,33,0.6821458380757266,0.7410006742499311,11.86402081977879
46fcd24790c5eae35fa517051024bfe7,TRUE,11.755375469107829,298,0.7665316644183267,0.7344865627958315,14.469616030351263
4705afcfaac4e4bd293f613e3b01598f,FALSE,12.080924465370938,320,0.7265437675468549,0.7608879963119379,16.211203285769326
4713aa4cef966a678af02897a0e74043,FALSE,12.175739133483482,223,0.7533601663469911,0.7114015906941684,20.855990770930596
4742b3f8432af0165e291edc6b8c5e53,TRUE,14.266503711244557,49,0.688432896491171,0.9117218277275778,19.051992562890618
479c3dccc06056867dd10c7d9fa0f569,FALSE,11.94975109916618,548,0.6259093625503525,0.7190268563026961,13.0823353590393
47d53cd40685a32d936cbde7760eb434,FALSE,12.658570198258905,204,0.6650058991651899,0.7025578397448945,28.07312000087119
48e49f85bb962b1f77ed152cc32dcd0a,FALSE,12.038282186780041,410,0.6677488576615791,0.6731951068298551,18.240194821840554
490a37e876eb5d48f8e56e0d99461b04,FALSE,14.069779794125,50,0.7026982320358145,0.5923801247370402,15.130216040248595
4952bdd8850792b72466848cb4930f10,TRUE,11.731787109759177,227,0.6100780075630934,0.7751785480060241,22.290901310845786
49803452ad1a68e87b448f5129276bc2,FALSE,12.648642308,215,0.7169593274712942,0.7542845685880581,12.487241564640273
4a07b94db0ec6615f30ace6efd2a19cb,FALSE,12.260987148548537,228,0.7502397820562485,0.7741803865046604,20.94268132869922
4aa585f63fbe04dcded4019662cc47f8,TRUE,11.344485256869048,42,0.9511009578730953,0.3906905704359034,13.354867748682782
4af132c905d92d74454ca4934ee2450a,FALSE,12.67293115124185,227,0.7221420541891335,0.7823600819062009,15.576940149248275
4af6c062ca397fd6b7bd2fb2a91e5964,TRUE,13.20628263699937,53,0.46637517949510876,0.6828506615826173,17.057313235050522
4b52c260ac5817566e61009e4bd23329,FALSE,14.742747846953595,51,0.6238980909914615,0.3999339398852956,13.04951065054692
4bcc817c8aba8c5569e370b238831e77,FALSE,11.046927677549382,27,0.6234666261982447,0.8110657168611672,6.985257864115965
4c5f4c8887459671e65b68826fe750c3,FALSE,12.341667537879433,188,0.7092947274274193,0.6503854302158394,17.274791473586653
4d10262d534bd366736dcabc8d37a3bb,TRUE,13.044564948066306,277,0.7059299843340092,0.7165537861794433,20.20659815888859
4d1e99b879de5fa11e3f5423416f0497,TRUE,11.00637443582431,314,0.7157520674417852,0.5676926550182022,22.06291172239229
4d40cd073132f01ccef7027f70890b6d,FALSE,12.332488676125882,170,0.4364050650991105,0.6896676598542043,7.756281628995823
4dc7656f389d5cfcd38bf7870c1ce3e6,FALSE,13.711440230742397,228,0.6315253666452344,0.6801983923017004,27.968183455396808
4dd633c46b8d78842b1e9dfb7f6a60e7,FALSE,13.396799541373504,39,0.4722548109755029,0.8145077631504397,15.378392342415838
4e1fa948dc5295202fa8b7f8062b0d28,FALSE,14.033334888696913,27,0.6870357723988499,0.784456404347564,0
4e428667c6bb84323046e5647dfdfff0,TRUE,13.604238182846295,45,0.5572813651347682,0.5988952299533752,6.777859797383292
4e83cce03deeca174a87faaa046a4750,FALSE,11.090778034125538,325,0.596164994425864,0.797814114011171,15.050556177031307
4e9bcae1e2305fe1e6b215cb82833e97,FALSE,11.963734304993064,644,0.6808901348324244,0.5346131512376299,25.39939177826055
4eb382d1f7d50fae1294964263d1ce82,FALSE,11.799371635806377,831,0.48715794162192727,0.7172593932425841,20.821987611841546
4f06c1412e8f2c16c96abb053997112f,FALSE,9.710172986878572,35,0.4677571461090696,0.6869616561154683,30.328451882845187
4f3187e47f035afbd77a00d4cd536d7f,FALSE,11.529498412308124,320,0.7205234179376281,0.7199868056401915,15.14170782528168
50eadd94fd0152fd0638a915061c4c94,FALSE,13.909542216260908,246,0.654823330045274,0.6548127662744117,11.678891152980714
50ec87212107552181f769bdc522b63d,FALSE,15.71889425189746,256,0.6142922689506032,0.6935772214479883,8.006298784023096
512ee3c7f8f9bfa6b7d3d824f5af228d,FALSE,12.015975177617428,219,0.6980113304652031,0.7386890079642096,9.916364812762188
514da6a81ecbe7cd98fc71045c66aae1,TRUE,11.514729762329033,31,0.6729180587885419,0.6711156678193855,7.978225239990635
5185567c0a5ec03eddbb003364c82b97,FALSE,14.666385335055114,277,0.6019517978361264,0.6979792617865396,18.304273703700915
51a82cefe6d4e058ed392ea004572896,FALSE,12.05363202795008,417,0.6879715440031311,0.8469853271089471,20.369599029868453
51b528390e8e7780595f6009b1f4cf72,TRUE,11.37819476469389,240,0.6970173508359259,0.832461304492971,22.0465676495232
52bc8ebc7db90d5b77453bf475677ebd,TRUE,11.633183722580851,47,0.6208135767250607,0.7128326451664255,29.370688611884304
531a726b5b0c925a1aa24b5a9d5ac333,FALSE,11.567830395219936,576,0.7364986041556011,0.5346463811480211,28.87337893341095
53e554eb940176c64fa8ee10a394f835,FALSE,10.909677079049787,236,0.6727472185461977,0.6425849018119949,18.689189405799347
5420c76a41d255a40272c8f3c1f93c6a,TRUE,15.399502187700794,63,0.5918741576606361,0.22974343627490923,3.362770562770563
5479187ed46c2c87abacde90f4d8ed6f,FALSE,10.947714640393304,341,0.7402743945924812,0.768316309466593,19.110692222989492
548a85a2fbb4986fd7a632566e8cb9c3,TRUE,10.649913110585373,49,0.7490581026401,0.8633954978261911,6.3603910808002775
554a4f92c47ec3280d3ca64f5250b023,FALSE,13.2184951670675,40,0.5950622201988012,0.7175855911232162,11.456349206349206
55bec90600d21bd3513366d218f2b2f2,FALSE,12.714677746918154,650,0.6411358396516602,0.47241186946184377,26.49710243994724
55d70545197fd2c5cc68f14f3d5d6585,FALSE,12.23395680100617,289,0.6743490154594798,0.6572600341702768,15.010973639148157
55d7b17732745057aff29fcd0ce13014,TRUE,11.712227293368468,37,0.6869036120117386,0.7836130719972663,20.954753530955173
561593fc7dd18e6a78c6ad5e7eef0061,FALSE,14.037400778336274,255,0.5458504245464784,0.5140282986237199,13.402109243142839
569271b82c506166a23ffcfbf6f854f2,FALSE,13.908850361929613,318,0.5533871782867827,0.6833470955795078,19.227826893653553
56bda1ed3f3299ff6e8465398a498a5b,FALSE,17.521534629059804,51,0.4890221966318966,0.47570836173720854,1.6426679907315458
5718c878f7879770af94d41951431983,TRUE,12.45372630307564,39,0.8158103120543366,0.8271882616801198,25.031354236157437
579967d1572ee95c66ffa1ca4077b61a,TRUE,13.645862452563888,36,0.8490148468523155,0.5590528557457874,3.350852487049238
57c15602f0b088ce6b9e4f88edce149c,TRUE,12.082103747489796,49,0.7914508393842399,0.7953112602576388,20.5432773756353
57c355d13a3bcfd36b3245d03f3f9d69,FALSE,14.69418551317841,44,0.4329175547875753,0.5006626083211658,5.9278137484502
581129294fc7d1f43a4d1a372515dfaa,FALSE,11.58587534844595,432,0.6837427072531216,0.6686149101564776,20.68119954946499
583740d998ccdf639276e797a6caa9df,TRUE,10.55464879279188,39,0.5889361669011112,0.6579634979143237,2.2924123120973516
585b09e7ee2164f95b134866f3f412fb,FALSE,13.493262470078836,252,0.7205143584610919,0.6184315962820284,29.536208624275886
58d8c3038cd500e773aff605e28ce8a7,TRUE,13.792238955960332,50,0.65486000455269755,0.5925734300566456,25.552695920730923
5943b68c2fa8bcfd0add30691fd9136b,FALSE,15.251603523112536,452,0.6410403685939081,0.7687477072121054,13.831665412241334
5a22303ccd79309f5324acc7b0e751bf,TRUE,10.496858582360417,48,0.6558777221336975,0,11.092423928793211
5a4306be3d5e1d5481e9237d2d211cb6,FALSE,11.688702424104795,292,0.6993803446121736,0.7705608477606645,29.55836389988745
5a880bc9cddbb3845438de87f859c360,FALSE,12.435770966255381,511,0.7625943485670511,0.6625059482153395,12.342715269569027
5ae3c8ba3ae2b9230664674dadf8535a,TRUE,12.879761506327906,258,0.6674845640615709,0.7596841306163165,25.709773446437932
5b33db9198566d3fcc5aa0bdeb435d2a,FALSE,11.49876017426892,281,0.6952351133408348,0.7022247833973546,17.083910315587925
5bd37993cfff08be940348a466912238,FALSE,12.629996423916834,198,0.7624241121281868,0.6421757703253276,25.961962919364332
5c00ecb439cd4e2377e9bb3de84b0e74,TRUE,12.231547295759,50,0.9011146520980348,0.7370691564617919,8.41777618606219
5cb230875b1a38b725085246444ffd0c,FALSE,13.363712819039105,283,0.54342678160485,0.7771790995363876,11.385105678179388
5ccc0e6dc9c7475caf785cdce7b8eb7a,FALSE,12.236411627053645,919,0.6944782896851514,0.7332465560366072,18.70096100397657
5ceff5a3983505de6d021403c6975079,FALSE,12.95803159783453,348,0.6475453372790045,0.7466198094221116,13.171773569066211
5cf93f7d1d3a8f0cf395c84053c31b1b,TRUE,13.329486909024405,28,0.8063152417807551,0.7708768761085192,16.069622714896926
5cfe569d448c9a5e120ce15611e7c779,FALSE,12.97584027875878,243,0.6342742865957407,0.8107607770565768,18.96283175754928
5cff9e4588a1d8b4b0fd703c4720421b,TRUE,11.340362805310788,292,0.6291310792283697,0.22172048441599979,11.180421875949829
5dd7009f3d7f049d3e38b155ecd3a24e,FALSE,10.621154323177134,328,0.745248353348546,0.5920687538716185,23.931624788068508
5e37e705afb774452ab30d20b9561a0f,FALSE,14.13796235413846,52,0.5306942279967547,0.5234655391609984,3.3549088649544325
5e5bfc73736d6aa15ac33ea01d47e5ee,TRUE,11.557313588469354,31,0.7197667844004023,0.8375557051034088,19.210690515806988
5e6bd3186b283c4e430332e1a3dd1b2e,FALSE,11.965345510775158,471,0.7095466006283884,0.7929846696274802,16.784549948999263
5efe1190183936849880ece11b1ece77,TRUE,13.492523858620272,356,0.6460235086292374,0.7350658762395128,15.102605470050998
5f34c8fc5bdd33f14bb71999b8286aef,TRUE,11.943975142458065,31,0.523853931841713,0.5226031400149087,12.606090863704443
5f946639378f9e31eee8b927dd743949,FALSE,11.679375812101481,270,0.6820928637872261,0.7880898284105202,14.407066561649325
5fce375e4e5c673c29e652df1ac0b903,FALSE,12.62248298766249,431,0.6561307634711695,0.726902238509406,13.43447183457015
604097f005384ad20d982e7584f27c09,TRUE,13.719909513698788,55,0.7645234498410005,0.7810285434611807,35.0724219932262
609970e669f2c55d69abc3cb117c47f6,FALSE,11.42711143788405,418,0.7282925460288969,0.660921813181546,19.422098782924508
60a524518de0ab4261b0e71ee7011d64,FALSE,12.994248351736479,302,0.7161511214158185,0.7919657336169681,20.74761069227259
60f73dcab4a99269b597381b4958391f,FALSE,12.284209588267856,322,0.7151426441180893,0.7012414362469921,10.52219752645052
619fb670865cb3e2583cc22fde1337f1,TRUE,10.818983557127412,670,0.7016413493651705,0.7015423315287148,22.78060582059913
6241b9c147df1d0c7027321d4e1d53cf,TRUE,11.567165812692352,231,0.7037123536099179,0.858336724310643,25.61014500654165
62a95561a6b12acbf809772553ba1462,FALSE,11.048753635684644,178,0.7356803170860008,0.6766489362557204,22.721441473494075
62aa54591b22be467c5a36356f96915b,FALSE,11.955786255319087,358,0.6616900681251406,0.7097879083110554,18.355401878529616
62c83d1a137771a5c82433c8b3f7fddb,FALSE,11.384245753566558,309,0.6280847656281654,0.6585136906338052,18.339911096339993
630559dc85053c746beafacbd590e8f0,FALSE,11.878131145278386,374,0.7314269622755047,0.5211216160779918,18.059948723361515
633310975f38cbaf67eb5043b4c6c77c,FALSE,11.722132919396095,380,0.7868332195158965,0.6776040314333103,15.123291978901527
6455eac21c029b8d93ff09c2dffcea35,FALSE,19.015742801989187,37,0.5370337330273592,0.5640983374361925,12.906973449321356
646eba049df90f6bca2f51ce20004ac4,FALSE,12.66175838950317,368,0.6438887459297895,0.7219927422957448,14.735520109173976
647bd8b8b02c285db177096a351f8e2c,FALSE,11.917198094691177,34,0.39996786331195344,0.8865453375720694,11.65705378020265
64e245c2e3f5c7658bc062e9840c04dc,TRUE,12.199397840055234,379,0.860235891392739,0.8127464889526266,24.120269926970213
654c3e2ff69e4d6c9569212cbaf7af07,FALSE,12.916593617990204,507,0.6629275281501725,0.7069983598057177,16.03557412330675
6580de4a0be125c140c30436c7c2c988,FALSE,12.08024871095,231,0.6396462757719301,0.6972838254545785,18.03275915903414
65b885fb53d0d952ed5be174c9c2d76d,FALSE,11.192473194269883,171,0.6402789924960364,0.5984204449578527,15.386433065150324
65bacc9ccdbaf8341a7232d5cfdbb0bf,FALSE,11.390971972795466,250,0.630029896046741,0.772940180269928,9.688219133643543
66290b00f9756a4c6808035244a4b9f6,FALSE,12.397474815697645,354,0.5225278145380234,0.6019989755982031,17.03065090040511
6641cc5d8221699e7db3376fea5587ba,FALSE,11.817428251035478,303,0.6725632613341006,0.7790377828564821,15.262788491116185
66f7bc876e24e26c5d71cb9a2a0e1222,TRUE,13.371777724848103,325,0.5545490202945245,0.5436483493191474,20.095164577663326
67129f4eb32604d9e420da5bf6bb2469,FALSE,11.796173168538546,227,0.6728835054299775,0.8363777064597039,16.407479269834834
671a36a580dd94c6a80d0dbe7fcaeabc,FALSE,11.716664631465841,202,0.6734583371835932,0.7370114200544511,9.993830386826664
67771fd10458c38391b55774826e4c34,TRUE,12.615011987916985,366,0.8172042208232422,0.42915860569087005,16.172234844252426
685a660507aba9066865ebfd62c48451,FALSE,13.189727107594445,33,0.6901475487862923,0.5025907800697565,25.22843070652174
687ab6ec9da9f17ebd4d8665d1988e0f,FALSE,11.584044659544,425,0.6199605432885651,0.6075261650731923,17.112304334548348
689bdf87fb2de49f98bf4946cfaa5068,FALSE,11.23264839277584,794,0.6634723243967056,0.6836600814816753,15.24463758417044
68a84d00f61c9fd6900cd12e662d43fa,FALSE,12.087897572248938,267,0.6225806689964428,0.7804208306756769,9.133957434426192
68b546b2f4102641d6774c1ce4f57457,FALSE,11.212757233651516,22,0.5521180390290338,0.14480508813822712,7.168346975444201
68c4e63e9663a4bd8d4e435601a26a37,FALSE,13.007439811371125,572,0.6428701335086493,0.6869330111380376,18.70412538226878
691b99ebc7251c00edc12eab9232c0c4,FALSE,12.282986602552564,39,0.7176918991168935,0.4410319725792099,23.596938775510203
699c387896f72e990239cbee1d81ff95,FALSE,12.213696344985236,254,0.7696795128016236,0.5677146703731984,19.609622092895382
6a0b94ec26ca0805f971c293a9603887,FALSE,10.929755760388494,436,0.6439479927407448,0.5585376540466179,20.216542950569252
6a190e3b2a68b2822a03fbd698f02604,FALSE,11.497995440800425,235,0.7754036482928192,0.6221436601174404,21.25556051616651
6a464f9c764040d89517cb5ed9257953,TRUE,12.271059489006356,215,0.8578150228428949,0.6953414310168629,20.366241118364044
6a4c652f46bc14c1c04eff3c67cabac0,FALSE,15.554990898962096,62,0.8045558794661105,0.6096165157352014,26.85318195192025
6b0ba48a13c721f5fb766339a42d25f2,TRUE,10.344399002444318,349,0.6835077338241724,0.7960006002225889,9.553417495038454
6b65c06851e944351dd285a1eb729499,FALSE,12.941008215113973,718,0.6313633933955451,0.4442704683316545,28.356945214819383
6b941e22c8f9b2f159cce49fef9febff,FALSE,11.973155927986602,51,0.788286177207054,0.48145698398691594,8.030050279592125
6bc4ee6df691c3bed34c69aa93964ee9,TRUE,11.512921465277131,43,0.823897073744876,0.8348584215740291,9.936214670625755
6c0555804ebade45096a199f932e949e,FALSE,10.41441018587965,380,0.6163141321320602,0.8358388486463858,20.340949369925074
6c1c6b6992a23fe80dc5377cba9cc2e4,FALSE,11.500959168531201,258,0.6096369253175271,0.7958102475167587,19.100103162776755
6c5370105323176e4e88993943aa5b24,FALSE,14.110562880686915,442,0.6495818625476771,0.5394777360253833,11.023933394855753
6c56118b534a5b446d1fd0eab7dc9b19,TRUE,14.004854188764407,59,0.5968496362343276,0.6658470673916455,10.23362332200265
6c9d732cd0560af6e8939ac97bdd78d2,FALSE,11.094302363774663,471,0.7200840976339344,0.7804294001959168,18.050726377538467
6cb35e276085548f3f095a85aa63af7b,TRUE,13.718269375125,28,0.7342498346937227,0.6067974798242871,50.022333891680624
6ccc2af7009dfea4572de788827ac5a1,TRUE,13.599471896855913,31,0.5500821198925955,0.6324026401026832,21.330162137076893
6cdff0516a17236168522e0a270f4671,TRUE,13.375245371085057,29,0.5076257682676986,0.951539186663921,12.097237025498073
6db38fccb3ac1de3981b701eb5a15d84,TRUE,14.085755294485534,53,0.511920765883975,0.3660548524240299,1.8233420450833062
6df6c8f8d3c2a93314245a604c02bed1,TRUE,14.582797195765625,16,0.34657409515137716,0.6328735620002437,21.298908377284434
6e70c2024934874d052225a4466fb9c1,FALSE,11.68010978866021,142,0.5884166444909689,0.6946527056274068,10.943562249324712
6eb2e0f41fc9f1fbb70e7751035fdf87,FALSE,11.871435955673808,35,0.8555429091736855,0.873317189230435,3.4879006098352145
6eb562641c6e0074c14ac265153ccda6,FALSE,11.617621892379583,40,0.5422234236284998,0.3968598483443463,12.583388662303582
6f107d977e357e3d22036cc447b354b0,FALSE,12.13635130854946,494,0.7395072918423464,0.532059604103988,27.485063986603
6f660e81330d77df19d4e3fb14b18730,TRUE,11.905713430244697,44,0.5876256303071692,0.7368392402862005,13.090063681390882
6f739a076d7ba8ca414334af995fc44c,FALSE,11.852867903530457,342,0.6391305013425133,0.7834594186592152,10.366465863453815
6f9156b8af78f1e7f4ce971b50cacf29,FALSE,13.423950432786743,44,0.6433375411294828,0.5686855787429663,12.351716391331744
6ff443616dd01da842095c0939394baf,FALSE,10.476910636411638,348,0.6955921035991602,0.6770511875746077,17.91642531315618
7023bf0fa91bea71ae7bfa2481fb5b90,FALSE,11.950061236140595,241,0.7290724681759835,0.8863298723634944,17.08329006127324
7062cc9432dba19f5b474be707a73525,TRUE,13.87905360621724,436,0.7282926305472077,0.5484955313652746,15.568269546364396
706466935b9e1d04e4e116be7ce90ea9,FALSE,11.281451460861403,19,0.6392945715073023,0.6755353253813912,8.54306679467837
71a4cd7ad9005409dc1bef838b488e6b,FALSE,11.10023806401802,320,0.7030846896577889,0.8555320930281851,21.17943364321269
72118f61d16a22814cfe01fcffd0659f,TRUE,12.75083478703442,230,0.6675174932451826,0.597261784438673,14.385351867496096
72741692a0ac3fbd22820b0b278c4040,FALSE,11.532163162673951,286,0.6774217511754503,0.7103357967721009,15.207792882725647
7287a688775698a457a560e1133aee0a,FALSE,10.183298935045162,317,0.8106824665854266,0.8019690291518409,15.538857375467908
72ca99bb6667024a23e1f68904b06fd0,FALSE,14.297760230471182,358,0.5488637119914406,0.5830325346311611,10.594500440625689
733e0653a13dd43c9b668b1825a2fecc,FALSE,11.250781941331491,380,0.5898013586207723,0.45731651096615566,19.357226697967242
734e463e87289ed53edf3802a2cda9fe,FALSE,13.237216889520145,230,0.6164139589663398,0.6529841439597501,13.194601813859974
7419cd5c573ff9994c0f8ff5d92b4408,FALSE,18.33788094453836,63,0.4385572525795608,0.6268375650413305,58.89845237735393
7473815d8eb56f765461525f1bf48c93,TRUE,11.677047547472059,34,0.32942336962101026,0.6923872003800274,0
7476a4cdfe6cb9587f03db358dff548f,FALSE,12.887364249310119,28,0.5375434945205033,0.7330212510190997,30.555174777244687
7481015e6b377191f3b1531bc74e6908,TRUE,10.419429616297748,37,0.6624902845025769,0.8686412902832197,11.670948797944577
74d1c00ab5098202337a91c936b6e080,FALSE,12.725081680360132,301,0.5633387103564288,0.8085920176807837,16.696783454225518
74de6f7e57690a1687935227360edf7f,FALSE,12.822238804298197,462,0.7181273401965412,0.5754673039708305,18.396554621252104
750b2b9e0f4caa4539c2553a4d04fb6b,FALSE,15.920542620057809,286,0.6344317909876753,0.7626273639987295,17.444060440443657
7553628edc729ab03cedd3ded8de8736,TRUE,15.28058832198908,29,0.5350557705440474,0.8206692633907403,25.963311042833904
758f6d309376d24b53da45e91cf778cd,FALSE,12.268982565294547,269,0.743284559670378,0.6933731716417373,4.037680411896363
7596061dc6e3a61ec35e0307bf423838,FALSE,12.784336243659423,214,0.7057237760725255,0.6384918742245658,20.603266100347323
75d8798826340198f4fd204ed31336ed,FALSE,12.522979301788657,360,0.7040038445000886,0.7773223044735414,19.441048034934497
75ff47d4ba4bd4480629671a666500ba,FALSE,11.968117548488973,393,0.6433688455320719,0.7844377314654045,13.790650220522298
762db27fc4dd1e53dd4fa982ae2162b4,FALSE,11.203409879544614,229,0.7043811595196937,0.6696234672961591,20.89857846255834
764289a2931fb70d1d27d5603d49edd2,TRUE,11.54164425551111,39,0.8327934301073385,0.8791080879075072,3.5437996088807084
766fea0c4f0b265fe9ac9e1e4ec64ad7,FALSE,11.877984610476949,201,0.72349497674387,0.5863469471002634,17.42648802466208
7708f393e874acbdd44bbf47c9a328e9,FALSE,11.300368173913915,218,0.6773360941893241,0.6374817435728358,13.378541980236896
773555b1cf65c9fa882fd9f6c50f44d4,TRUE,10.827480324202657,276,0.7574521554383291,0.5718601113714248,20.636366362314277
775a910a05bbc12a236ec64d4109c37b,FALSE,14.202925415672713,317,0.759332371570008,0.7625253937475754,20.264719817650978
7767360462c03c38f487f16f57b02e02,TRUE,11.955374934331159,23,0.6831025643563376,0.7281561003121536,21.17985839585755
779747a77c043096f6428413f26d25dc,TRUE,14.447369611649503,235,0.6953907974162634,0.5806926931793288,17.53439977412396
77c589b9398709f398778a0ff368e00e,FALSE,11.542203802281398,422,0.7549099727449493,0.7467930553352198,23.23710413395199
785d6109caeb2f53c0628c37b20d91cb,FALSE,11.787212842483916,457,0.7146569462756793,0.5773126025053503,16.68029910968817
787fafc34f07b372b60981ccdc4018eb,TRUE,12.302827441155708,73,0.6531327859702079,0.5059355746202855,19.13610439469167
793e2072826ee96904a5f03ae2357e96,FALSE,11.929809028812212,303,0.7476261739536121,0.7660710151304664,13.880050118083975
7960373dbd5c93b4a066b352fea600ee,FALSE,11.102254448282146,309,0.7502963305111029,0.7345846513588359,16.791632978917903
798b4cc659c984e8353c7a4f90936df1,FALSE,13.340036390072898,230,0.680203683726086,0.7225390399381084,17.101757623113638
7a1fd3df8aa8197bdb3be8c5d4ffa92d,FALSE,10.781735704649561,38,0.6696089472486133,1,18.335471344867038
7abb5ee55c03357b69af929f51443bb0,FALSE,12.523235327960471,226,0.7133175466198236,0.704244886792843,16.72805769161773
7abb74e551c262a945929b92e0551b04,TRUE,11.877403025047272,226,0.5541193518516654,0.8845562684322796,12.533502784068993
7ad917215da937eefdf48e3c9d3fcf26,FALSE,13.544784371505152,207,0.6840592906369488,0.5856206641650039,43.499422691163716
7aee4951b59fcd1edda02bbecaa2a717,TRUE,11.814489430082917,40,0.488531944760604,0.6172681846362542,9.597112640590902
7b625f643d0775f0ac4898e33235377b,TRUE,8.563768253966666,3,0.39608468017300247,0.8482948895259392,0
7b8eaf284addb604039c7e22d23c903f,TRUE,12.087775391964852,248,0.6486064095126901,0.7516595509883633,14.464508654916825
7bb464563d0d43f7f894439d163f4ad3,FALSE,11.862544104430606,220,0.6400668418765391,0.8073883597710281,28.80101309892581
7c1478b12207107ae4296e656a49d6f6,TRUE,12.408392454573809,56,0.7556258333062339,0.5149774530116524,6.235908889778545
7c27405cefee2fad79a81a819ca9dbe1,FALSE,16.240557362131895,475,0.44500461260138735,0.5863112420537984,6.342317063657763
7c4bcea05c14431c65ef1d9cfa20ecb1,TRUE,14.018083179532931,83,0.7103807901764124,0.6131390976135553,4.227969110475638
7c64b8d49dd5fbe34f44a9b4bae0e7b4,TRUE,11.557259009417118,258,0.6449809157274523,0.2870476292112554,20.468897216840812
7c8d33cc16246462e046ed084f7428a4,TRUE,13.829802640284896,256,0.6854981172698991,0.6350885187873906,17.814048120776395
7d8627729a14175b1424153ba46d7acf,FALSE,11.34781010649925,200,0.785232377266864,0.7470646523630621,11.849369719510705
7da41cde0e0d0503549eeb7ca5609a9f,TRUE,13.201059498091025,39,0.6669118119152264,0.8744406731392536,10.266450417052827
7dfa12ce1fc9cc58ec34fd66c75b106b,FALSE,11.906798236927637,278,0.6029011982765257,0.6996865963092007,20.63552726666296
7e335469ce82f86c20d06b06ccfa1da1,FALSE,11.926495855650638,183,0.7225659550278076,0.7374436194989513,23.74397266847963
7ee801015b6ba9dc0aa2687cb28b8361,TRUE,14.175070753277941,170,0.6928893114268243,0.6222666432682114,17.350223964165732
7f4350f4a358ac264ccf3b10c4966afc,FALSE,9.914355131874073,36,0.7830007334901484,0.8117369158875753,1.5814549768474226
7f47fd2db9cfdc30fe46068ad017152b,TRUE,13.274420249062766,47,0.6328459363946187,0.7871386616389124,28.65121687652697
7fc97bb967d4380b38e8490aceb85224,TRUE,11.61516332801239,378,0.6150547748923954,0.7695195625217828,17.234981539309047
7fcca181f46acfa027ea83c7dc70afa9,FALSE,11.51747235542799,209,0.6583670701286046,0.7363093463179835,22.882074679505124
7ff85c5c0e9324e28d1e0d0589c364bd,FALSE,11.752818595155556,3,0,0.9911260423455933,6.025128498001142
8046a7b32ff00f418c1bb410a67adf68,TRUE,11.842447445103277,417,0.6934252279487587,0.6015292917824793,17.456003777127023
804ea124edb0d6694aa4a3c9eb22a716,FALSE,11.438046244825639,444,0.3919538420733504,0.8068692112365973,19.415301041436326
80597153cf2bec000612ba2e45a72d91,TRUE,12.106365820706444,225,0.7078864523526487,0.7944056620936817,11.259611512722671
80cb80668a3c444e3e8962d1c861b9d0,TRUE,15.047580715634496,43,0.5334093880856966,0.658073963585933,4.97543352601156
80f8e8eb5eac6dd41259ccc73993aff6,FALSE,13.30878723314023,29,0.6341148797329084,0.7526791164949962,23.502333747270157
810c559baf6b5c20dca13b794fb36240,FALSE,12.05540185889868,240,0.7574798606368718,0.7635425884613822,23.441845878596876
81fe057f033eeba6b1472a8fce5c1fdb,FALSE,10.680890930557078,259,0.7316606711097947,0.7713853288072886,17.71795911906128
8224c23bca05c2adb3fdf40752eb1b3c,TRUE,13.449691865044413,349,0.6091110260288628,0.6530663635409992,13.786672542576396
838495eb3f025e512228480eae127522,TRUE,9.765067229750354,47,0.49018990560417686,0.6633409995085515,12.103439704191654
83a0efd007f4db8f0b7db5753d80fd87,TRUE,10.575104691255556,33,0.7901689326683636,0.3361822359951834,6.520887216866526
83ae2db3b59285394e07063a7d0d0512,TRUE,14.353806277064285,35,0.5394296120451367,0.6797357191683087,18.1403160185448
844d41532242b64d8f19774b6b7f1c82,FALSE,11.464726608156909,316,0.720257150568463,0.7893568180551375,18.09347986199946
844e9be5a30d8d9c1f8e9ddb086ff717,FALSE,11.951638516577527,821,0.7078908062405782,0.8065703457123126,16.83809907971794
849726bb431c44a984e5f0f60923a0ff,TRUE,12.809981986788271,54,0.7979557826283677,0.7243468026492343,6.94875593810263
84e1a98ccf46774bc4f5c6374079dc07,TRUE,10.102054496599207,42,0.6803121127045553,0.7348430769479217,17.840247452692868
8506914d35a1146dd602b68a93b5be5a,FALSE,13.041749933650943,53,0.42826137064827263,0.5487526945858133,13.956990937188957
850de9129410d40c2875418eb40858b9,FALSE,11.734506608221267,384,0.7279116120659129,0.7397620069557416,16.424040675046786
85bfeb44e07b0d4e86c637353080289d,TRUE,12.542825584647094,413,0.7122118301421276,0.46433524269227133,36.32942954501715
86a1dbd33d3ee6d68caa25966a2868a3,FALSE,13.555813190345473,578,0.716295007444737,0.5838173902509374,16.084947508502143
86f580ee80bb5a54e07595410d624108,FALSE,13.766465640397321,56,0.5928696085764149,0.6820484792421607,23.594774060020697
876e3742e4165313e3be9ca7ff4e41b2,FALSE,12.52272319752941,34,0.8018773181933825,0.7704673882991306,13.421150971599403
87b493b5ff1b807c2320801fcd16ac26,FALSE,13.179333161176523,279,0.6551210639496255,0.668234564041513,35.293851734585054
881527a718b502bacbd04b6f45fcc2fc,TRUE,12.028228941838258,44,0.6884971959522381,0.7262953137622616,14.71727343144849
8902cda459f8ac02c38efb2815cf4026,TRUE,12.12569681911756,56,0.7780234789112549,0.9365959157286913,13.059325807888165
895c14bfd7d1e2c26aee6938703f32f8,TRUE,11.781649339274445,30,0.8339782988087109,0.9281407257074525,15.847982495178757
8969d175c4676642b245af55d2dba19b,TRUE,11.518446269804022,29,0.676075574778056,0.573705053342964,13.21983796803153
89788880a732b675ba9cd9854adcf684,FALSE,13.67101773305847,61,0.5475744446890793,0.890952338469859,14.993018685789147
89b9947570bc59a6161fb5edea18b852,TRUE,13.270759965271896,239,0.6735925450055099,0.7323364113669306,11.962311141391915
89dab1d9f815cea34ce3612a6b7c0d51,TRUE,13.99627900512069,58,0.7216025495105851,0.40378523360923746,9.735345040811278
8a64fa582ad5ac3bce95a38756b1875c,TRUE,13.38300946362961,609,0.7207462087953779,0.47715555319351044,22.67217210021207
8a7d9195606bdc9bd5305f6bb300e1de,FALSE,15.131646484722221,60,0.5005336773149203,0.47271876230899523,12.136391472423163
8a86bdb56cb975c786e47cb256838ed6,FALSE,12.355922092431344,268,0.6821294166544922,0.6956542130248096,15.652781477585187
8a965bfa0851de76169b3206709ca943,FALSE,12.113974533317048,394,0.6677590059250545,0.8769281718504777,16.187683624667553
8b0662c4244f85c5dd7ab46810ca6b04,TRUE,13.62121234867094,39,0.5958196898328927,0.6078197675722011,30.23657082440013
8b09ef45562214f00e7c11ed16d70dc8,FALSE,11.312019832053382,271,0.7491708686720375,0.7816861879148315,22.326450712204597
8b688ef44a5b17bd7150350d059e67ea,TRUE,15.419102640984946,62,0.7719392288317926,0.7819284619212212,1.6401027815711924
8b87786b3a356550a4708f5ab3768792,FALSE,15.059689960605729,32,0.7983581834737081,0.7675328666733786,4.621233455364686
8b9b73cd6d63023caa38dbd25c1042cd,FALSE,11.043509636193077,455,0.7782072544649372,0.5199543569134014,15.598290598290598
8bda575d26a589024a4e62aeba352f93,FALSE,10.974534951967092,352,0.5229805596368879,0.7812756667390854,13.719093406593407
8c0d55bf42d242ac86f43c4031d6371f,TRUE,11.026547760218055,24,0.7811670081189771,0.6078042783638993,13.62112915407855
8c38fce0915fbb7d816e19c3ecda64fb,FALSE,9.914359397777957,31,0.5811016548810546,0.6762081197874885,16.305016612658434
8c40d50720fcc5990329f7312d1ad327,FALSE,16.802341720143797,43,0.6856768255346332,0.6300521846973769,2.6528120286350467
8c9a890f19a0ab28b745246162e449d7,FALSE,11.801212951183109,223,0.6185936860414908,0.7714230369050238,13.57389753753314
8cd308e28e213e46e87c9dd9c5aa1466,FALSE,13.671457897732555,257,0.7437376051925552,0.7513455440834771,13.641068642908824
8d3740598109bb310e6244ecc1971a85,FALSE,14.99774412636894,44,0.6135311687326255,0.5546636209003669,4.283758383032047
8d5a99f2032a336a57222948915edf09,FALSE,11.432281664046666,60,0.8645465007461366,0.891359019060286,9.42646887045906
8da0796b60fa75a5ced6d1c3bf1f3064,TRUE,11.861418972628426,377,0.6482136499209115,0.5200760730960758,20.517487246810553
8dbfef11a650dd9658ca0c6f70b84f88,FALSE,11.225607535263809,245,0.7654807973724432,0.7781504818844932,23.533715112803247
8dc9d28aa6ab0af5dcc98420a9bd65e0,FALSE,12.436090127964368,145,0.5971697397374611,0.5898471584801398,11.06875620525156
8dfea9e24286290d2f59f5b51f00b6c2,TRUE,14.273933350562036,36,0.5979778435389635,0.5799942653697217,2.4666421838658343
8eb2f1fd0858319b86b9e44b64660eb6,TRUE,16.83274729409909,55,0.5930667935903537,0.6530662796192663,0.8722475007472849
8ef80bf59ceefb3fef9d41a5c66eff35,FALSE,12.999258842897797,401,0.7216802254171839,0.4424929795986726,18.901706682260137
8f325f86996ff57a0006add6cb623e19,FALSE,11.886061025179659,254,0.6652871156869107,0.7203104477691651,10.172550440433866
905f8007cd46415eba8b9dce088b4395,TRUE,12.433985157392792,37,0.7208027513058244,0.7072487633062461,7.836824736351245
90a155db6f98de56ed6baaeccb5aafdd,TRUE,12.562081950244737,38,0.7869577198174129,0.4715049518591329,11.900512183765327
91278ab4c7170ed070a5cd653cab3d26,TRUE,11.348521250779584,40,0.6683928977919418,0.7041347626339969,4.816468579683499
914712bea449e20e1cd2e18c269481bf,FALSE,11.441298839436875,687,0.7944931468207382,0.6562229347689186,19.745825041481254
915b7e1b8cdd0e1bf9826e8ae91706b4,TRUE,17.585855265473413,42,0.4353787952695305,0.19086503171667724,7.457843227347914
922214b02f8dfbde50e8cdaa187dfd47,FALSE,12.049409758919321,314,0.6746088764068294,0.5985455794371979,21.1632525739515
93337ec6e89c26ff280f490dc3eb9042,FALSE,11.632298724658055,269,0.7612932425163272,0.8186743026029042,12.604543670692888
93587c4ead63454c615f4651e2841ba2,TRUE,11.456578225361051,368,0.7193714597003797,0.7608026373053186,12.791087257573533
93fb5779620ce28dea9cb83cbb25ff9b,FALSE,18.075905444956202,43,0.5572819337317827,0.7029163022618709,7.6760996942934785
943db956d9c6ccf01435211d99568f15,FALSE,11.895647236088006,567,0.7644888392668953,0.6276074906970197,21.023672323059724
944e9726e57e8c379049dba4bdabb05b,FALSE,12.740163105279084,255,0.5963188614090451,0.7445354165023735,19.715940143723717
94699541835b03d2a18e265299c11213,FALSE,15.173487231629077,47,0.61800446551816,0.6956613747546563,3.660366812950236
94731f1d1f9180223445e77690aefc03,FALSE,10.515060751694676,191,0.6653312484680332,0.771492853075911,26.890013975687577
9494350df132e6748afca3bc5d138dcc,FALSE,18.686463229659303,43,0.3860802157061005,0.3208011355997432,4.784333950825194
94ab22994e3ee32eb32f515563197296,FALSE,12.184870352535949,478,0.7386261140060213,0.6705703740982685,17.45816102167994
956942174fc793c4bfb6fffc4b3c1c7b,FALSE,11.152916006990376,213,0.841380350799946,0.864471731413117,5.153653517626961
95c1a153c7ec6b5623b8ef298010d2e9,FALSE,13.57167500232552,224,0.6662857508698905,0.60054094604241115,33.2375658331884
962f9787bc5b8dd06dbc2147c39ae15b,TRUE,11.417340352968614,274,0.7688114468771652,0.8420179538132814,17.870806062464176
96d7ab03f9156154f6f2144263a85579,TRUE,11.944640586264871,260,0.7983602993106749,0.6621497146113371,17.421790383113777
97332a03726c052b1283fdd36dbdeca4,TRUE,10.014333435957843,34,0.710622514428034,0.7247942686668397,11.870329752035392
9760cb1c8a14d3fcf527631acabee35c,TRUE,11.68473017019641,195,0.736627229411204,0.46218816589159484,25.250176116760898
97c0a0888afa9dcadc73386abcacd350,FALSE,11.097929554454177,379,0.7266864951256706,0.71880129371864665,15.849347727366553
9835cfed2c02bee16b5f0eeac3b4926a,TRUE,12.550159547128182,55,0.5406955969897014,0.5697692600801488,11.15950086483815
9857a5bc59036a73f9261ea694bc002a,FALSE,13.864738622166394,245,0.6717407563981659,0.842131912669581,18.968434312248377
987c2e7dfc9a93697b8dfd030487ff01,TRUE,11.864458327851835,327,0.6686704800728989,0.5733422109208424,42.75329589165855
987f45c1c19d83fcf3295828771c10f7,FALSE,11.337561767391229,38,0.6670899876597937,0.7570966049693456,26.481256537436312
98a7f586f974550506502f52e47700f5,TRUE,15.089927499592592,54,0.8176173935525936,0.49121700747680386,6.273552257171422
98a878a6fe557bf91236e6fc0413faba,FALSE,13.351083917074009,286,0.6311887899641144,0.741415597284438,19.88475158201708
99e05511bd051039630e0ee9d311afbc,FALSE,12.384103247532272,267,0.5122892992000382,0.5528768191612199,17.705806069298387
99e15cb3381c646df2619a95cf805743,FALSE,14.542694311508637,247,0.5899933429855435,0.6900658332113898,13.645818296347818
9a2b695c70ad62abcb4323d7e9a4b6cb,TRUE,12.199776192973404,47,0.7935739159494554,0.8341968538052983,6.267120752202562
9a54684a69721c1075c2af5fc077665b,FALSE,10.347220043113703,45,0.8963249614285352,0.31305393790702474,18.860049005641347
9ac5116c46dc8515c0aec6f7153c6440,TRUE,11.924156501088113,258,0.7138948738626344,0.4967614236205289,30.84363511639928
9b665130b27de44f369a44b2cb752670,TRUE,11.968603582075925,36,0.5409489844955359,0.6407601505605396,33.77714530780927
9b73a887dab36dc0a53f3308bc278a2e,FALSE,11.010166305713547,203,0.7501273671316921,0.7388477875921855,20.38575245121306
9b7b9829183e266882d4815d95357a1a,TRUE,11.395844379746014,46,0.7181426643837199,0.7045882597153179,21.314467927783596
9c0158ebe58592fdb3d18fb9c4623db7,TRUE,12.553591946538551,297,0.6114010837055075,0.6420266149861258,13.171647267600372
9c5835247a252ab6275775341b502f4a,FALSE,12.146802055303361,233,0.6813572574654632,0.7159655528894333,9.47698088803751
9c5a3250d9f6e6537b3b076b26ce16cb,FALSE,11.526498437176265,290,0.6127058198649367,0.802021965749481,19.69519181383588
9c67faa1ab5de24e6d9c60bf7705f658,FALSE,11.572464798169548,266,0.6675904705994442,0.7213787235459899,15.298446398568592
9c8968198038d0ce08f8066275480e62,FALSE,11.933461692603725,349,0.6453967206228717,0.7039313258631847,15.727850429031506
9cb8155c8eac12669e18a89a2971a8d1,FALSE,13.765605052596475,227,0.6632915869025378,0.648344995241342,15.495306600605888
9d59581a50c97cf28d30f80cc77dd76c,FALSE,10.77237834734434,53,0.6999987115007151,0.8713233481980256,21.8630201028518
9da29e218f6be3ea257d35f98eee1088,TRUE,12.057204151542415,323,0.8118884368296782,0.8479191843123955,22.983423524762106
9dc512e71a0f206687f60b8bfc405050,FALSE,10.899055958183332,29,0.8331436376052811,0.9140446203611209,12.581453634085213
9ded5e80238ea1cb8e923d3f3b03ccd4,FALSE,11.26322709389829,39,0.792169360346005,0.6564765339173579,9.928522905159937
9e003a96a6aa5a9207530767c2a8b310,TRUE,13.33122118473125,64,0.6859622790044768,0.7272105851619091,14.228725705681798
9e291e9ae23649f498e166278c16344a,FALSE,15.857465175125288,58,0.7989984065558844,0.6774955676196779,3.209845942647956
9e5b47cd6f31b05e75e92a427230ebdc,FALSE,12.254150996635714,490,0.6276931760639608,0.7232359910904277,25.082523877810548
9e9d4402b1038d103b3add7271d9b8ca,FALSE,11.947322832765265,452,0.6814423690948392,0.7595671300862963,13.665666367650775
9ebbe10ae57214da77ecc43f6a84caf0,FALSE,11.886132351933785,258,0.6918432601548976,0.5426589496030991,16.123531684343178
9f1b385dd82b5a43f98660a99747e3cc,FALSE,12.88528094588881,359,0.7290452798947258,0.6838223356743085,19.043874197993503
9fa4b644d8b6ea510119808c37f22223,TRUE,10.470657183908546,39,0.8581834737081722,0.3491293366556326,4.292138873898183
a0b52413e2eedcc5ca6f31d53ab1a96c,TRUE,10.544643485582114,41,0.6453013756178991,0.7945727742805494,12.266213670613563
a12d788b7cd01f696bb5ebf28fa739cc,FALSE,13.666721619400938,302,0.7959363908767159,0.7026900400673534,16.72750857560274
a1a2b1b116fad0bfb521da9cf92df2b5,FALSE,12.197463062213599,277,0.7152482219963223,0.6729205186403211,11.572885127861927
a21d85d9c18b9589f82a618f0531ecac,TRUE,9.94681226200707,33,0.6221330077464837,0.5077651143824303,34.36343800398444
a22aad223462e8196b76f259752ccee4,FALSE,16.880423642201492,67,0.6163616246108407,0.628478210166862,6.729371688115064
a2334fdb829cf96fbae920df0cce1587,TRUE,10.780391756286,25,0.8661051673116321,0.7714452857983117,18.17992554129519
a2bdf1915008a135e5ddaf8cf110adf9,FALSE,13.298446886203767,438,0.7226309775376005,0.7529404941413689,17.768394035688097
a2f170312615f7d2d41b80da4d5d7a72,FALSE,12.060332515792242,217,0.6392721558491148,0.6271394499490606,18.57287422788803
a324cc0a17ed8b72ef62b06a021224a2,FALSE,11.232742498270913,208,0.628668058741471,0.5852984587014907,14.462118507942174
a33de78c73e2b157118fc745e8c2214d,FALSE,14.138182743342144,297,0.722043256757575,0.7367646626165996,15.054567413632434
a3c39ee40d7bb0ab8e49efc44cb6735c,FALSE,12.10933334982753,224,0.5991173728767628,0.8143489987653469,15.35417118464155
a3e28ae11607ad68dedbc2baff2210e2,TRUE,10.876103050703447,29,0.6692465285681766,0.7286825940612043,31.188524590163933
a3e6503d6fd14f55f5a7a7e993c06c0b,TRUE,12.489255482933157,282,0.6976388666904526,0.7091024922792382,27.141870881557235
a4401d3bb25a651812f6781fcce5df77,TRUE,12.02777968393968,667,0.6575744679447211,0.8320420113920212,21.84564422031049
a4463e077e248abcd96b8ee584e7fec5,FALSE,12.160813259367634,224,0.6822931910073385,0.7282605322103618,9.733424924658749
a533ee906b3e68bcd03e3e2888a844a8,TRUE,16.017376019434803,272,0.704595490597787,0.6669270420165394,11.279771708462828
a53de9ae055503d13bbcd6e19c5c311e,FALSE,11.447457466783074,450,0.6704515601419767,0.7305279192300287,17.707190357439735
a5637a20ede3d6cb3be2d52d17d9174b,FALSE,11.611801792857097,317,0.7370222390415111,0.6992539811711121,19.711916703545263
a60115fe0ec8c0e2d4fb8958a28567f6,FALSE,11.194844241653534,33,0.5295798871942737,0.5790342473683137,6.357812201185695
a632e60ee41d9aab624a6b7fd6269976,FALSE,12.451742229428113,431,0.7167304942176693,0.6513629149489322,27.374921879738306
a6505f04908e487e37c61c2a2a582eaf,FALSE,12.373086008228409,44,0.8098981506391021,0.719961635676701,8.485969081248498
a69bbe711400a8eaf17206a9d2b4f26a,FALSE,12.28870486114125,280,0.6387219114825535,0.6803743170991484,14.433090373242083
a6fe0a06612bc9d9fd3f7dc1fd9615f0,FALSE,11.994961181205465,308,0.6853393779753898,0.6619491193059022,15.306790435295108
a741036dcc0164fabc9155e11816f7c3,FALSE,11.818451586924528,212,0.6741535633447724,0.5417392979664768,18.200099863373737
a746873c2f5431e9ac8e12c47a104115,FALSE,12.322719217497744,229,0.8191083074800423,0.8559365930266,17.22464883109148
a7638b7beea5715330ac956372522b07,TRUE,10.600451388030768,39,0.5382971354972266,0.7514357069458094,4.77986139421117
a7ae2d9768b3eddb584395f2d984b3a2,FALSE,11.744214901050068,496,0.7265190344365058,0.6676958005219285,18.842748565580838
a7fa04a6b4111cac92989ac266ec40d2,TRUE,12.662779270023611,60,0.39646976250094845,0.3673405151629159,4.916400351998518
a84478867f4a6fb6450da1cb47458308,FALSE,11.688831980941188,575,0.7891575860146413,0.6460517669544759,22.937704020797906
a854b4bcf206030120913620bc664396,TRUE,11.218428135742801,345,0.7315735068196989,0.7131445881737035,16.406423533984896
a8bf411134a27779046e2f7ed3b2e1cf,FALSE,14.801273435321429,35,0.6001940316304076,0.7518570134116163,15.38412850230674
a909251d04212c2b8d369aa619c13ddf,TRUE,12.629354402152332,50,0.4260990970483345,0.7563996884223467,12.568302722480322
a95c73a18090636ec3a8033e8a6034c5,FALSE,11.461963628904893,344,0.6198642087394145,0.6945388018555161,15.99952823782532
a9af04859e568ded6758279d805c56e8,FALSE,11.994715116555968,472,0.6006888044796486,0.7602915961600829,23.53278089203022
a9dc82f0789aee809c81669dc768ced0,FALSE,13.831974246204233,504,0.6582222710011237,0.5622394530283061,18.351687508990022
aab4ab866a771d21006a07cfff585eff,FALSE,12.255534839200697,263,0.5551502462293827,0.6701224282739655,18.78393015465381
ab76a5e04d9126c2070bf84ac419f80e,FALSE,11.540573038624206,42,0.6594862317033954,0.4376745022844738,33.0093853195064
abc63585621a8cc49099bc9dde677f27,FALSE,12.093544970529415,706,0.6636943011964049,0.7781859645918845,18.182948168814146
ac3c378542ada7cfedc24720ef9e3273,TRUE,11.78831086284078,47,0.853969806897821,0.6794155021495092,18.24357305564595
ac51126328b559dd3872766d2455bba0,TRUE,12.351804934980509,59,0.77536746313151,0.7496400088986261,14.388432085259554
ac986e2a577103efe48b23cd17a4b6ed,TRUE,12.106008553573412,42,0.7885804978338554,0.7706659278430766,12.601588229044937
acd5d321f5a7e35ccc3bf80a2c744c36,FALSE,13.729450019193157,302,0.6844118854549356,0.6448371290176359,16.13686819407283
acd7dc6118befb6724aa3752d1cdbea1,TRUE,15.909691625855952,70,0.6633003804754317,0.5479199012277643,25.798695424463173
ace64b24a38208dc0712bc65314027ac,FALSE,11.381960640925083,200,0.6310014037483875,0.7657588876465818,20.41239776440356
acedcaee665d04c791bff1bf848af3a0,FALSE,13.698037551287586,196,0.6008126332709273,0.705241830089391,18.066227164047447
ad6a8aef632e7684c3b1e1e9dc0f7d23,TRUE,14.75581335849384,46,0.6343095240451706,0.43263008724128216,56.889580507009285
add2977c3e55ba8475f60054a75a8b14,TRUE,14.721227478788148,45,0.5501176113513924,0.7213935269330385,33.09945280782712
ae08f3a379c6069211342d448f74b606,FALSE,11.161559446772864,277,0.6981091787256994,0.724532573739576,14.477663552497392
aeda204ee39ccc79f22fe31ed73882ad,TRUE,10.157563099540171,39,0.7600086384516159,0.7261160144419204,20.31879972883291
af39ba3a5cfaddc35f3c1f92bd860ca9,FALSE,11.764526809240637,413,0.7543004894241646,0.6953421203952198,19.41284729463888
af452fac966efa9d089953c99045bb20,FALSE,11.911216145172558,761,0.7429291353593934,0.7553247398086576,13.527731944682113
af4bae4a0b7a75194dbd4951c78bb98a,TRUE,13.420502295616666,26,0.5712759810187535,0.7268388441626676,31.960339384372535
af74473d8f38c0c3e8cba5b72f747281,FALSE,13.250165627562778,60,0.6579406631762652,0.5220384667694661,8.729470158589242
af8cad352c24bda90b2a5d07e1049181,FALSE,12.762855752187576,491,0.8003438167460453,0.5553732451700569,17.800619903161603
afb63eff111f81c66cc01a5c9f64f2a2,FALSE,12.809762039587905,514,0.7986551827677744,0.716956126573236,15.521972166569821
afc352444f34fc17d988c3fdf916756b,TRUE,11.734951436314683,42,0.5739036490231573,0.8003521019253571,25.56905942606292
afc7a3f83a5e5cc87136bceacceed8af,FALSE,14.10321368421516,376,0.6970867983074298,0.7191390598485924,19.314478142060516
b0b60bc559f123caa41ae1e002243c3c,FALSE,11.769040779686224,271,0.6845858431268128,0.7225592502113759,17.40792131233682
b13f722977cced9ee6d2ad25e8761583,FALSE,11.361507928605294,233,0.8048716468227024,0.6190363475650495,22.0032977929298
b14d2355eb3b7daf6b07c44a31fb23d4,TRUE,10.842426256656667,40,0.8317778283633053,0.7446080639264083,9.556650246305418
b1adb42b262bed41aeab28e9f6e93633,TRUE,12.321800649479528,403,0.6862737677450234,0.5684352077278368,16.92830721512289
b2b3c6614a4a317bdfb7a57ae8a1687d,FALSE,11.520361728309666,50,0.6350557705440473,0.7877151501984453,23.497484159522923
b2d3f2fb171a12cac427107690c10089,TRUE,16.387914558424274,46,0.4540862109350514,0.2827834454673446,22.312323105260795
b508b23b0c53f5e3ee71562e531a3a25,FALSE,13.023000378001234,351,0.7174693444137257,0.6778218103059002,22.31683171514764
b5275d250226cf29df0164d0f62d5ba7,FALSE,11.075415710567992,541,0.5720816416752188,0.6006226969140591,26.382303447827038
b572ff3bea0c3095a3a5d24db765dd42,TRUE,10.312232077586904,42,0.8110305355923384,0.8980786801703836,23.986679014104574
b5b10e1d4132c7c1155f88aa00b9a5c5,FALSE,12.127712235491547,562,0.6982852316272599,0.7251783569353324,22.01829519124215
b5b1d33f7a438b13f85fcc46cc248578,FALSE,13.646034471684848,44,0.569946850706013,0.4039367268064207,8.436145622652413
b5d89a7f152103c9fc981e3990e9fc86,FALSE,11.136860631883534,332,0.7898628431321462,0.7523587144670183,18.703840186190845
b66734bd849ac838a9c0830878837979,FALSE,13.082138835358629,282,0.5293340899636698,0.75728030154499415,10.121961702111033
b66b0833b679faefba66e3f1b9eb579b,FALSE,11.406753975085605,44,0.6931481903027543,0.7521059672323205,5.946412245259091
b6b8068eea005094bf1eeab9c35c9c11,FALSE,12.762580888135291,400,0.6485446543743836,0.7172070348723221,14.692069235161235
b6c8c21a45ce574430158f6230d9e254,FALSE,11.301270165175518,209,0.5870781448374989,0.8118818606215078,25.92255125284738
b6ec72d2f14dcc90a4e7fd25bd12e9a7,FALSE,12.382705917910048,554,0.731447894760919,0.656361045187349,31.759920611340217
b75fb275f65a39b9ae038a7593d91fcb,FALSE,11.367549361302544,321,0.7616918164199205,0.6128407802171993,18.42347962404988
b7b0b507d966d1e1735ecaaf0c3ed5b6,FALSE,14.324395932661869,462,0.5108044445626964,0.505376691872874,5.824408343121518
b7bd34f3d587ea950dabfd4ac7781f2f,FALSE,12.31401314224658,424,0.5201076576944166,0.8325255116451198,18.92431670136324
b7de2b55859abf8fb49bf393a5a2816a,FALSE,15.169011912031078,377,0.5580147904299964,0.49002059966315326,12.891502561170219
b7fbf53260861a5a9022b709abe4d584,TRUE,11.574977930397857,490,0.8233441885745876,0.5693741616996316,17.915962312931935
b8df3a1ffca045016321353536ac86cf,TRUE,10.463389404459459,37,0.338991392940858,0.6537415025415576,13.133383680368253
b93ff367c79f79437eb5b70dc00a33bb,FALSE,12.559850541964815,234,0.5743698048501145,0.6893687282576466,21.63039440209545
b972617c1e490250b2dbcd3353fd436b,FALSE,11.931592558118453,28,0.5216293779064095,0.48793772080492404,2.723743443604675
b97fd5240666a3c3ded13df9f73ca71d,FALSE,15.790111111765315,37,0.3898401018819867,0.7734688964413896,13.532077808743631
b9912d7f760895a9a5f9e046a70e7d8e,TRUE,15.549883797347979,33,0.7433922654728482,0.6838877389119284,5.662276718135029
b9926f42a5fd6cc0c455fe59a21961ab,TRUE,15.906613021278812,306,0.5906177732746739,0.6252515048209442,9.626784138724052
ba3a4161ca111c8a2d39a1f1bffd3557,FALSE,13.350040183832364,361,0.7113066430918491,0.7553697084160828,13.570141784286935
ba5185bc3765e91878ea56a67f156acb,FALSE,13.621796824372876,51,0.6575523448623701,0.5544834380601225,16.008247422680412
ba78525b3444a3714174f4734720996a,FALSE,13.797612333068614,231,0.5331044502453561,0.5838878008475872,19.46617910462572
bb2984ebd891be82156fff038a85aafa,TRUE,11.973609236681373,34,0.739681668251184,0.8466050472712174,11.917660827544548
bb2993a27d213c0eefab695ef0214fa9,FALSE,13.633318999641025,52,0.568313809265323,0.47092614460154214,20.373951066626226
bc8249da3b109151438a85d49300dd0f,FALSE,11.933179160593971,235,0.7553700035356055,0.8418468090067093,18.973500233368753
bd057e02f75c92917389d90bb215fe91,FALSE,9.525601334024074,27,0.8056574291872873,0.8759184583461146,1.2845311393232715
bd2433d45fc8dcd1c1d01d9c20ca357b,FALSE,12.85259252332281,217,0.7613881251523248,0.8073350462664587,22.646214645654737
bd26a8a5910f6c87aed2fcce32782fae,TRUE,10.217781483808853,32,0.6105274015479172,0.910296899590392,17.50164411875235
bd2cf0eb59f96babbb13b724d8d77b12,TRUE,12.222044460670494,270,0.5069965405119818,0.2574368950254534,26.428596412222753
bd34a715eef595600ffb4f683ca04e64,FALSE,11.511242486334238,442,0.6043353113190154,0.7585753208430052,11.758424825655068
bd5cea890904311cd874773b13255406,FALSE,12.286572186575,30,0.8124136884437363,0.9288387726949171,27.828535004780623
bd9366761825d97d4c79c2c61638318b,FALSE,10.94682649246861,223,0.754139705204332,0.6785844730944675,18.509710830525588
bdca40c895def7985563060c5dcbd0ca,TRUE,15.50495111737886,41,0.6327694280812601,0.6501831300629914,22.332202599823916
bde37c58877c64b6ce4b309dc2154bad,TRUE,11.919786455443518,36,0.577623491918962,0.9371168940206176,10.019370835270417
be22fe5992cb9557d7748113ea1f6057,TRUE,15.340838882357353,34,0.6910124395763313,0.6972198333701661,10.615981380915438
be34f66b259b110d8908297419741202,TRUE,12.597399157618268,52,0.6220560682204206,0.6839337371668852,5.102299934702169
bf0a8a6ddc179a9466082343c5862904,TRUE,11.35472674111591,66,0.7506604860349454,0.7944769312266675,9.35995908031327
bf2693c5774a77e478e418119be97c5c,TRUE,13.411348723806789,27,0.3471853369417677,0.23872684927597831,3.831999263961726
bf87c4b14479e823c1ce554606f6fdd6,FALSE,11.624182429128819,288,0.7294903350026558,0.5088583552208981,20.109827434328835
c0640121b56458ccc0d2892067bc463b,FALSE,12.887257398166547,417,0.6535792990920262,0.8065434128213678,18.683700453766868
c07499b5a6f1090f2fb263ec6ac0660c,FALSE,14.877907122605466,622,0.47707225199204906,0.740006962227437,13.562126050056436
c12c2eb875879488e687111335a12805,FALSE,18.44273932885247,459,0.6551457301268722,0.6276292164046906,15.491129153035029
c1909690dc34d322b9483c10cb1a533a,FALSE,12.48551463743141,260,0.7575711942659359,0.6071134596736423,22.737995793962952
c1d662bc81ade6c9a1ec161b3076b27e,FALSE,11.312062308397184,515,0.83289942737674,0.48814226428631424,18.577771816966916
c1e9b11fb4591a922e98ed4c46063b6a,FALSE,12.13304459780561,410,0.7518175626782446,0.628923473876292,20.768384987394725
c284230ecd0f82b79b99e8326bc62c6b,FALSE,11.68951616665979,206,0.6190318593054411,0.6768745680785391,17.50953334471643
c468a648519cd42da75e6aa9dadf733e,FALSE,11.835405961763842,354,0.7356471067864772,0.6235228494620034,10.96043026642609
c56b62b863a81370827e04d2c0a669a8,TRUE,14.381672879686729,54,0.7811670081189771,0.5870940595157279,20.232959050094955
c5f1c362617932134aaf950f537061d4,FALSE,13.437109549526705,171,0.7547227580294541,0.7886076329459808,27.259973364005084
c6ea9e05de9e221aed059ccc8ad5f6bb,FALSE,11.933580720400569,234,0.7799962449973832,0.5527263746661045,17.429641295234642
c7de222dc1b99eddaa9a665687b94dc3,FALSE,12.773031246675785,53,0.6311821121939277,0.7334565353472771,15.370603820349558
c7fa83cac784c0f6225cfe30bb96572b,TRUE,11.587278419649186,41,0.626329026777634,0.7975587914126675,30.028524245608768
c826130d392023b4c535431e2616e88b,FALSE,11.566832891661628,43,0.6197394727693988,0.6610334830140023,2.7292576419213974
c8932c12e8ac6691d5c7c27ba8ecb967,FALSE,11.901598635107236,334,0.705059718941357,0.6865576276031478,19.23137582336024
c8b0c99b2c6537769427fe4eec396e55,TRUE,11.842039579730953,196,0.7311905071612073,0.833824386434152,14.511566067537037
c8f03786f7e1b205a9d38722fc3651e6,FALSE,10.914750977080027,610,0.8170382837076869,0.40599893830097056,20.120975437875295
c95b96b3d38fbf45da2bc43db49861c5,FALSE,12.661537581839074,482,0.6871904850511894,0.7227790005526948,22.893698372936687
c95f5d4bedbea37cf208fc3e70e7e75e,FALSE,11.735156086004332,227,0.742968973801265,0.5176652059411898,19.338385193133046
c97e3d0c075030df5478bf3e679f97bd,FALSE,14.664828622329576,275,0.5358145534562562,0.40677187149396854,12.354238922563288
c97fa24cacdc7b092c81d9556d4a3aab,TRUE,13.191206173891805,299,0.7440497081477297,0.5682643702326269,12.191434818668476
c9b9fc54bf7c8edcbe35b1091f38cf0f,TRUE,18.189246828327587,58,0.5060512937248653,0.6948541631302335,14.646037857856681
cacd66f64a54dca26e17f19a6344c369,TRUE,16.99925167225476,70,0.8596452147897629,0.5518780577720683,7.37177184082319
cad3107b4ec2400c662cd8eab4e20026,FALSE,12.349431861408206,197,0.5891899241332639,0.6679883441617748,10.838727496777667
cae89a5674ccf4bb1a78708926697f8b,FALSE,11.286180395418237,191,0.7683386110458928,0.4947592515533453,22.202826762186262
cb5ecf234f7492c867bfa875a2c677b5,FALSE,10.929509720740597,39,0.8806395567151315,0.8236773744650618,10.8792787672098
cbba49117a03fd2f578022eab904dced,FALSE,12.993951232639725,412,0.5193404003279711,0.6459668303867542,12.774575949476299
cc2186bc2bd14948eb9b490d14fcd686,TRUE,11.608822844284568,54,0.7420271588076429,0.7303428472851471,12.932742861764943
cc5b9b32417adab54115cc8eabc5695d,FALSE,12.233382604163236,34,0.831001191735515,0.3857518992802481,7.013985351685819
ccf0631bc6ad481b3d7becb69564f61b,TRUE,15.032144399483332,35,0.7776148201142511,0.9368778193197826,34.65399784869129
cd970d2e7d3034e5946e71db0b4869c5,FALSE,12.248277822651964,560,0.783444102088821,0.6420267990089469,13.96665966729661
cdab4b0c1ece5d2bc1d671ef6bf21382,FALSE,10.22680533372738,28,0.6059152547884622,0.7802544853631931,17.137138164647915
cdca9a75635698b016fdb75f95f561c0,FALSE,11.786836414844949,330,0.7424320601875803,0.5133983047567938,14.231896299105372
cdfff0fd9f4511931eff58f549fffc12,FALSE,11.817974389814637,534,0.6939846987305023,0.7278531262523582,18.79165786342559
ce577ac73e9022772835abf8d37e91d5,TRUE,10.113364578310376,53,0.569216034085101,0.7424227412094839,10.639230958144756
ce5b4b1624afd0dd514e8997a2a1ff1d,TRUE,15.780900250236021,31,0.7176372968725906,0.8278904391231314,7.1883070412893995
cea2a4389f823240e8dfbc3ea95e42f0,FALSE,13.655128625186558,31,0.7884072657135375,0.6845223270823508,3.2774006107141798
cf27028c2fe4a9fe00795d0d4dd23a18,FALSE,10.781516075023202,709,0.7971367128817901,0.7353070062528161,21.675123104497775
cf6f95dab8e87ebc3405e8b6fc02137e,FALSE,13.551297246827957,279,0.490768005252192,0.6900997744759876,20.400489498786712
cfa62004631bfdbb0d9f842d69cc502d,FALSE,11.366818346355984,298,0.7994131909062159,0.7573577822379756,22.271392633486517
cfa9233eafdbccac8d2a864b0df390d4,TRUE,13.789349560274074,27,0.5573302644779996,0.7440054763560329,5.090971445074185
d093196b2758f39a4548faed9e365d89,FALSE,15.119554213207392,363,0.6926571762364242,0.667739023162512,17.447078894734236
d0f374c7d36c93ba0772626d4c4e6f7a,FALSE,11.89247473964455,581,0.5756502645488134,0.7393309839664938,17.89683108294296
d1576672b9ddf17e405ad295e66048ba,TRUE,10.706211426267242,29,0.5690871841566129,0.8606079199414266,32.13252439761637
d1b2185245eeac47821e98471c915947,TRUE,12.745461953634905,53,0.5791596693997167,0.5879000611977543,11.326017256210411
d27b078b9f801a979bda2687ef91159a,FALSE,11.290203022886466,266,0.569723306673239,0.7720063072522045,19.95578104636008
d28f88b9d68ac9a2c0586728bdc91bcf,FALSE,12.29746244822037,54,0.652235739799288,0.7172470085032281,16.51503858295335
d2fe91351bb890ca8ea9b76201b05964,TRUE,13.293364213010465,43,0.7146923311752136,0.5734466928516442,26.440986407190078
d3121b735af2bb94568c8070aaf05110,FALSE,10.947643889387564,264,0.7489559549512884,0.8494115206335091,17.268241280937573
d31eded9263eab43f614eecc6a52a0f5,FALSE,10.368851682055263,19,0.6740388416979166,0.8742667592214798,11.075683251576734
d42d0642a28cb2d7415bc7176fdfcb9c,FALSE,12.033138655912904,186,0.7996225666933465,0.546359255233458,31.169017246778417
d4867a7af060ee2a814c6be63b48473a,FALSE,11.220938261716865,336,0.7037314053020859,0.504655370841247,27.848078211964914
d499ea144d46d394e7ece7dc53e9fd41,FALSE,12.256441691723655,279,0.6785335962692902,0.6570219317035808,16.773627503576538
d500e63eb4adbab2fb34140565ae4d20,FALSE,13.436527286747507,234,0.649373874390947,0.8735388570114642,25.161040483953396
d54674169d8b98851d54d79405c5d261,TRUE,12.884446680873497,388,0.5931940888464388,0.7315491603119907,18.478516504475667
d60d9f944d86cc7539bb6b7a11646149,FALSE,11.535012596966286,219,0.6869687869971635,0.8044775459608614,16.841729698872555
d6277e6596f855c87627312e947e4f9c,FALSE,15.032552590409338,448,0.7406400401612956,0.7138021860397163,18.55765797929311
d6758947058995dbeeabc5e812c00cea,FALSE,15.327781595830851,235,0.4917817352880872,0.6545325833492208,22.968027418484002
d787d7b7e3798edd7498b9cbd9b59206,TRUE,11.159343144944565,46,0.6495932263779333,0.5999162306752853,7.3528519877490375
d7ae05b007ca320a0d1fb128ccced638,TRUE,12.474446492680139,240,0.6354637744391329,0.6409413742976696,19.218925906313828
d7e035984d4fba2d14bc37f1992a061f,TRUE,12.568652068201281,39,0.7633939775983937,0.8064946793890132,17.68414187891743
d7ecbe31d65faefa7c5314baafd6c4ce,FALSE,11.693925468685599,228,0.7785708390408451,0.7026517660482804,9.11288866103107
d876df0212e45f5a630b89f5a04532fa,TRUE,9.74612090317963,27,0.715845635452586,0.7366670336673038,7.405472395023328
d952de85df73349f0280fbb2345148ae,TRUE,12.455450488502082,48,0.6449670561752283,0.580184438427204,17.96993585663223
d967f5296732fa55266b5f1314e7447b,FALSE,12.888231772849771,437,0.5564521464093333,0.4769071056707639,15.501116071428571
d9b4803fb9c57a061205f7376aed60a5,FALSE,18.757694421771294,54,0.410815607321412,0.34498511292334855,6.418059432528886
d9ef4b835e202c9b24315b999894362a,FALSE,23.586408212322223,48,0.5195631623542505,0.6250876532939091,22.138807925769445
da3325f424c71942ca8a3401615a0e6c,FALSE,10.503825223497726,22,0.785217874166201,0.8910807765547931,5.304108127334163
da436a25d31e42fa12c800bacf3d8032,TRUE,10.459212889779334,50,0.5532422793838683,0.7305934282550062,19.212140356418963
da8f13b0ebc53fe1147d982f087b5806,TRUE,13.877581520402712,43,0.8474369901375868,0.5181523804993597,13.305082705318663
daddf0bdb8874309dd07bd9d91396166,FALSE,10.716747378132716,27,0.792169360346005,0.7827858645485039,26.005099620493358
dae249fc394c9bdf02f7d8bb1ff55733,FALSE,15.152761553234166,60,0.5381617219313555,0.4889886267091287,50.35427560601054
db63522a6a88af9b817df48e3f6bad15,FALSE,13.028890639507596,452,0.5947842404146582,0.6979831344597502,14.61148449320701
db9cf75a3edf5b1d38fdf560682cec48,FALSE,12.587023449660347,298,0.5211792097556057,0.5847830526963903,8.255249622955258
dc39121d4440ef9d34bb2cfac0f1bf2f,FALSE,12.246168315835845,325,0.4957287526192603,0.7230545207903898,6.0112228067047075
dc5fe88ac0b99e77e8630795cfc16981,TRUE,12.72446507609982,372,0.6121832999224084,0.6493038646192704,19.55823095197962
dc9a5809e396367a5a0767ac9226a64f,TRUE,12.732010441111274,34,0.6127339394669773,0.562190382175115,6.911097405172034
dca7c0d776c64df418bf3b63756927c2,TRUE,11.314769406942242,58,1,0.8036439529139874,15.357058823529412
dccfed81fccb496e10c26074253a1330,TRUE,12.88457700943801,253,0.6374667207711874,0.5386583097291402,20.582246525362436
dddf432269175b67f5d9c55c3b36bdef,FALSE,13.408397191692787,238,0.66243406080848,0.7551572821034813,10.998035501297972
ddee9dcc776c7b87e68628ffa0f99dc7,TRUE,13.66649922737841,44,0.6960488104353344,0.5802912200904963,10.691855753646678
ddf9fad53fff9a2f2ded181e1144b47f,TRUE,10.62223702154054,37,0.7529177253739057,0.5745908108652323,3.1048442431727734
de0746635475c2be3d26489184659460,TRUE,13.798054901618276,290,0.7068973366719782,0.7659938535954127,14.082761941308927
de5fed97bda5c8aeca0d5c6a47f2deec,TRUE,13.245102211361134,232,0.6000550117611352,0.6746816235634467,14.927659288929265
de9e048c789a0ddc487baae5929f51f9,FALSE,11.167311126738628,277,0.7431314395536275,0.8679413938801532,12.540151443345655
ded0963ff2f6582b382b72de6f123a08,TRUE,11.25529652322041,374,0.7759717797679261,0.8971409500103413,16.165991929769703
df11122e91571fcd91143da33fd3542a,TRUE,13.197101653128282,33,0.8320778925149515,0.8578625265569209,27.802736972778057
df9ab418e87b21319bdfe389a4552e08,FALSE,12.211009711293807,409,0.6951791868630003,0.6570822667381812,20.0952972997127
dfe29c1db80f470f4fa8046bc7e5d8a0,TRUE,12.009474209897798,53,0.6529999842516754,0.6308162736636399,11.985957259092245
e02f0f208e1f02b7672ff2ed8bd1bcd3,TRUE,12.072799031625033,251,0.7643654080846354,0.7678964773810115,24.482255015690644
e0449ff246754057062a6331c7a7b661,FALSE,12.913987530703409,44,0.8472061268271147,0.804129993588283,8.66656413411258
e0493acb44c53e68e3c3aca626cd466b,TRUE,11.997128705694319,44,0.6916478695445233,0.4110758437236708,24.49135090609555
e065a88039052c0f4e552886fab4d99f,FALSE,11.886098000805431,224,0.6438930170292565,0.7700354801861291,23.194925297438843
e08a1154c61bfa0adb7a029eed7df122,TRUE,16.39718009654735,44,0.5746228504024999,0.6825087300031264,19.291930094473425
e0a98706329350c48ea450d1705bdd86,FALSE,12.115039119791534,504,0.6956586476561437,0.6291388188461584,8.786936914490731
e0e3594e7d43742458a79799c7a5dd6c,FALSE,12.277071287343775,241,0.5989479679573217,0.7393656931737586,18.24880258500766
e0e76adfaac64932530b49127890139c,FALSE,11.396962630524735,378,0.73880795204492,0.6441864617810611,21.177504251093602
e121472f6b4dd372dfceb87c7e30cbac,FALSE,13.23967375737193,38,0.7314537481879066,0.784947831938829,9.458894165702896
e1970a13e4fbb03fee21f66f7a97f5eb,FALSE,11.344984314244266,250,0.8027932316564231,0.6672343879989613,15.31244975337009
e1b7e1ea030de78f88501a832cb007b2,FALSE,11.939738836906079,244,0.6703138002709228,0.7489244238293491,12.068025391207728
e1d2df8059744cac678fbdc113e9e697,TRUE,11.54867884543868,53,0.7510662331582406,0.5928238759424238,21.39032422157372
e225e4363d4ef824640866378d49a878,FALSE,15.964059019051165,243,0.5523859975512857,0.7065045095176044,13.97563786576654
e246b5012a29db02ad24ce4b7e332b9b,FALSE,9.382824737192777,30,0.5303133773427422,0.7034232916660043,13.744934714092752
e253f0cb570353173a73119dcc0e54d2,FALSE,14.19257322323569,318,0.5759800588032895,0.7232999010231386,20.879518403569012
e26a411f427d8387e1244ece6053c940,FALSE,14.807180989172917,56,0.47388702806412797,0.6117164098321068,13.469872927711858
e2dc374288c7edd10ce6647a8e6ae548,FALSE,13.496318472584285,35,0.8562973561835387,0.8430787142349958,26.52932254802831
e31ae4a7e10b56e18f3f988fe48acbcb,FALSE,12.557971213078227,222,0.812964797257991,0.6944778412902641,14.947764654537519
e3306c36e5fe929405591869e0ee98d5,FALSE,15.12761603743913,23,0.685972743198171,0.692086448284307,18.99654725938714
e33e7bd3f983ccbc3014e3689b1062f7,TRUE,10.76197561306856,44,0.659666032048231,0.9180995882723867,12.606521807490331
e35d490b495edf857a448653e036bd44,TRUE,11.33248400047402,34,0.8737162062639761,0.47989348507834173,20.366397803329328
e38156350137c3a0df6b4b43c002ce0b,FALSE,18.650246089736665,275,0.5819092081755409,0.6624040981036058,10.732176824164954
e4038e6006053cadf0bb2f8795e6c9eb,FALSE,10.978152498547734,206,0.6326672987401993,0.7439918641211931,14.882622151982089
e4f3a9d5cf57b9b518136afd9757f76d,TRUE,8.793179065,32,0.7880434782608696,0.7735233179840714,2.4784943681383966
e58dab18de6e4134d8b232e57ce1d86e,FALSE,12.055016655026424,275,0.6975931406024737,0.6452872049393825,25.38956413338676
e610084768b3d8313be3a7dd22e5e5e7,TRUE,12.028353519997408,45,0.8573766345448567,0.7614864821104852,0.636847921566405
e61357801b8cc7a4b40cf736e6890972,FALSE,10.85217865085829,575,0.6450899157750968,0.7906833673886202,21.746927663624657
e64f09e2fba9abd0daf0668bbcd7ae97,FALSE,13.574849341381082,37,0.8135793430580592,0.6055893215767525,18.029102434807665
e67fc482899bea76fa32d6274607140d,FALSE,14.775208356776067,39,0.4491498712987445,0.605671930687695,9.766388635475042
e72a4e847306ddfd0540d630c79b33e4,TRUE,11.431515000864444,30,0.7611427270657865,0.4825182680945542,35.251373862270306
e76529a86a5efc221a88a6c91a75ea59,FALSE,11.498991733441224,283,0.7735975452970608,0.6137575528380588,16.64375928677563
e8b60c6f666907603bb5d70aa8cc6c80,FALSE,11.772740942054742,499,0.7389060692140788,0.7801581001837925,13.755176971995157
e8d73d55baeb522ef8843cb54cd08df0,FALSE,13.247613695684716,241,0.795072885664009,0.6397212124492893,10.590606601001973
e8efeab7179493aca6effda3bf21833e,FALSE,11.564416777271276,188,0.7039457115042791,0.6269334506165316,19.259437441867924
e91240606aaab23860bfba718c858d30,FALSE,11.345725241947754,245,0.6461344656232627,0.7846926177010756,12.93854906806714
e9651415a968663e49b62c29e5d89137,FALSE,10.871983794159972,234,0.6505305319327628,0.7020492267873266,15.21934171098849
ea1f8d9a6f34043a8e8a3f78dbda7f9a,FALSE,10.929210594360317,231,0.7869206191537172,0.6127580758536104,18.23947501362984
eb48fcd046d9d869a6c6eccd90392480,FALSE,12.27259240159205,239,0.5966497353308056,0.7451358117131974,22.542381629914228
ec1637dbd16bb38ec0b5a93c14373364,FALSE,14.672339270337355,58,0.5770544047348054,0.5431261514915693,14.877504766701442
ec78920915122cbe500fcb475a8fb5d3,FALSE,11.371764165009923,346,0.7263110606425445,0.7673335438411144,22.25854442957523
ec91bf40df64a813b83c67f46118de37,FALSE,15.055328589029823,323,0.5699695335740296,0.5423411775303761,16.903433349790557
ed0c7d2a0d5f60d527c0c3643495ddca,TRUE,15.135093694158908,58,0.493626223537446,0.4429739988338678,5.389651380630447
ed1aeb39f5da7d42d10a92653319b951,TRUE,10.92769954908,220,0.7613327676951624,0.5365485693585441,20.840377734289056
edc891e47623366a2aaa2b1a32ae1fa1,FALSE,13.768977849770188,71,0.6768151209403779,0.6311818568484728,9.653360686544726
edca8abe7dd3a699bde27f9241e73dda,TRUE,12.309444368032098,27,0.39363971301144085,0.7133988007518214,10.630078733527009
ee8b2edb7ef82ae69ccc57bba1889a40,FALSE,11.932105911847222,606,0.6771802550161685,0.6752797171226632,14.532657262124474
eeb00fe9de3e348006f6f7128e6cf4e3,FALSE,12.475751207932307,260,0.6880236331693195,0.6960091239589112,20.65355770336674
eece82fe623b4bb335a9b9e20eb0ca54,FALSE,11.618489684460036,377,0.779766178127207,0.7689374441054981,19.31885169579518
eedb2d3b82cd4276804c339cae45fef4,FALSE,12.603364317047319,230,0.6728321077339774,0.8246126532689504,15.218520805409558
eef12344364d2a2e1e2d581287cf9cd8,FALSE,13.163911391392917,313,0.6810912995236154,0.7018045225891514,13.869253039033863
eef2e2ad223c5c824565b3d98086e7fc,TRUE,11.455554038672094,433,0.7722482422259361,0.5394354494977334,22.758375070808817
ef3970fc96947901f21cb6dff853b8a8,FALSE,11.763478893082423,348,0.6916780484103497,0.5494169065045946,25.686658037126147
ef3e90cd957439dcf1a2afcfc4b0cad7,FALSE,11.502647930687106,508,0.7481252983600133,0.8124444054650176,22.328467776998686
f0124196d19be156b58f64700fdac7e0,FALSE,12.869722812930872,542,0.6254756042893914,0.7404988398352854,10.999345088715714
f06398053a230bf914041eb897dc8d62,TRUE,12.377742277312924,49,0.5631408037833845,0.7580309486194261,15.025207854236688
f0df79d10df44f18742682108b17f60a,FALSE,14.473199801634616,26,0.30975853193016856,0.35856742758081794,5.633751101537256
f129b4923a3e5d5f676a592a8e4b7efd,FALSE,11.192801403681852,45,0.7422920302501455,0.7951717239158222,21.413208683433226
f14169430d2a1ccb92266e8fb27b5bb7,FALSE,12.554893931573302,319,0.7337258310397394,0.6296868394753332,14.638851724314405
f17cfca756365f6863a241ea96ab9f75,FALSE,13.120653873203427,287,0.5473957750861693,0.6124145035930226,18.370417582591056
f193cf4d5de76b20688d759ea7c66312,FALSE,11.436528903482623,563,0.6710535909637176,0.6999558512675539,23.855568913999996
f1a2419d56c2a09edf4030caeebeb5b6,TRUE,12.726062692488542,32,0.6972740723878899,0.8734984129675651,2.624582663534067
f1b4411717c78f67380366c2a16a4d1e,TRUE,12.424165023294309,41,0.7599673538278747,0.6645238702369802,1.576453849181122
f2a9db857bbd5fe385ed59d8f2e89621,TRUE,12.122244051425907,312,0.6066527751025816,0.7306182109882889,16.403332142509175
f395649fb47860aebc4817c7a6ea90e6,TRUE,11.479228843791489,47,0.6498176499363107,0.491182733483966,28.880919271023934
f467b8de5a37d9a818c0cbb557089c55,TRUE,20.313039944522988,29,0.5703012368161469,0.5510972185500165,22.032796455011013
f4b761ebd4f310f03e5e7f79b925ef4f,FALSE,12.873310369710813,410,0.7973458328937945,0.6505917429337023,20.868014655215006
f54b6feed73d306d44d8fba250bafea8,TRUE,11.239342952220008,424,0.7702321231461717,0.673280376596643,18.131465714547286
f5efba2f8019f9eff955fa20312d0639,FALSE,11.849815443498263,192,0.7008899496041683,0.8193578214999178,24.575823818837687
f696de645de36b56677457d2d3136524,FALSE,13.261386624344828,29,0.7716822217163669,0.9424293957399814,22.062981287898516
f758703e18f588f2370783f8b779e664,TRUE,12.008776017455913,31,0.8027103236086737,0.7628317670408344,12.716559226430299
f7858e1e354a9fa26b3055bc12a4ee5b,FALSE,13.319174849487695,428,0.6735161893780321,0.7339551944440964,11.8562851249482
f86eb77e1cefe28e9f0e9d3775fae261,FALSE,12.626988943417999,50,0.817848850443888,0.44430824991919116,10.611566322289514
f91254f1c1b3112ef3464e477d23c9e8,TRUE,12.631306583637931,29,0.5827452765763714,0.43616942939372993,36.102921164837156
f98673773627b4b8d152e2b168b85bb2,FALSE,15.542438884736667,35,0.5677213749146369,0.7148528522299831,13.032947129344794
f9aa6d69d74e786544027a1ab3049f44,FALSE,11.346345829005333,400,0.7598361977388269,0.7803453848884838,28.310617342244175
fac81ea6cbd540c89c7eee17e851a233,TRUE,10.173008815253333,50,0.40796722057819257,0.6728273552462152,12.04516749864678
faebff3d5429ff2036c125a91df765c8,TRUE,12.12263577926875,48,0.8462642587955587,0.7183171980620011,1.5625
fb83fc6555a4f700fd92630d9fcb9cea,TRUE,15.816863507745,50,0.6229091736854087,0.4848701494830884,16.475718713912357
fb903879c556260ae2604ae0c45cb92a,TRUE,14.395045167701376,218,0.7152538337680672,0.5226143432185457,23.230995701867663
fba8372d56b91b1bff7b71d970b5af58,TRUE,14.33677288416245,83,0.590415383363639,0.5337791124863385,8.625029016848098
fbe0433e5b1a3db9dc9d6ed21efc6148,FALSE,15.685899829277908,43,0.5523948423937306,0.7201864093041495,20.695112227886636
fc3504d2efaaaa976a33b3c856927155,FALSE,14.706472628391436,218,0.5131890740829691,0.6313042494141876,9.68127451872644
fc83b793850ea70d9e898afd0b3ef592,FALSE,13.011377735319932,245,0.7771657445131479,0.6018678654238021,17.8339538002636
fd2130d0d215069168dc2f79c1f5ae44,FALSE,12.134666940310876,331,0.7522584107417986,0.44287121077585967,18.98665572386988
fd39748ba122e84e9ac492e6fb7c7a05,FALSE,11.40226108404226,323,0.5834823296373793,0.7823968600353657,20.33066539792653
fd831ca1d79ae5c6fc3a679a22e5b8cf,TRUE,9.509274705120175,19,0.7192063929457151,0.2997769146393806,19.181393137332595
fda96e6cd3395dfae3e59cd4ac95f7d7,FALSE,13.314669804485092,199,0.6162423011178512,0.6359693410273227,28.041926397189556
fdbee494c73577d5b1266d1fec5c6c9a,TRUE,12.672189282067022,47,0.7032843999076546,0.5955470416752586,14.255807284198452
fde60697758e68d617f471e49f65db75,TRUE,12.115951810728125,32,0.8476280920403673,0.5029462104632862,25.37207815924032
fdff1a7205bc3b9ab1dc5dc223782fc5,FALSE,11.896030414393463,515,0.71762254896544,0.7160486105176955,10.430988178131267
fe35f74209d1056dd315ddb17681203d,FALSE,11.167691255828435,422,0.6353988770732124,0.8317900100354216,15.627432708097757
fe469488a23d4bdda47b83a659dcc103,FALSE,11.319506609950922,289,0.6582109631790747,0.5099121067258524,16.011112513615984
fed19d671569afe8a2f9fa0953dd25ca,TRUE,13.0070045697101,33,0.6961488318192165,0.866502688569593,19.44580548069856
ff419a3476e21e269e340b5f1f05414e,FALSE,13.824274644017356,242,0.4772111153544425,0.7675757180161803,11.26445344852786
ff714a67ba8c6a108261cd81e3b77f3a,TRUE,11.902017471193368,485,0.709710700325338,0.6598377027643365,18.770226354374767
fff482c704d36a1afe8b8978d5486283,TRUE,10.441398960955238,35,0.4218930549684021,0.7799323098305171,7.918065937240458
fffecccc49436c5389075b13209f0dfa,FALSE,13.099215410528817,406,0.6999338774890789,0.6801221711003608,31.097552362602904
ffff51a71f2f185ec5e97d59dbcd7a78,FALSE,12.48986870146894,330,0.5177573596194128,0.6648256865619371,20.62957627465651
